
-- 삭제 안될 시 전체 삭제 하세용
DROP TABLE "PRODUCT" CASCADE CONSTRAINTS;
DROP TABLE "TB_OWNED_COUPON" CASCADE CONSTRAINTS;
DROP TABLE "TB_NOTICE" CASCADE CONSTRAINTS;
DROP TABLE "TB_CATEGORY" CASCADE CONSTRAINTS;
DROP TABLE "TB_NOTICE" CASCADE CONSTRAINTS;
DROP TABLE "TB_FAQ" CASCADE CONSTRAINTS;
DROP TABLE "TB_BANNER" CASCADE CONSTRAINTS;
DROP TABLE "TB_SELLER" CASCADE CONSTRAINTS;
DROP TABLE "TB_MEMBER" CASCADE CONSTRAINTS;
DROP TABLE "TB_INQUIRY" CASCADE CONSTRAINTS;
DROP TABLE "TB_REVIEW" CASCADE CONSTRAINTS;
DROP TABLE "TB_MEM_INVOICE" CASCADE CONSTRAINTS;
DROP TABLE "TB_ADM_INQ" CASCADE CONSTRAINTS;
DROP TABLE "TB_PRODUCT" CASCADE CONSTRAINTS;
DROP TABLE "TB_MEM_PARCEL" CASCADE CONSTRAINTS;
DROP TABLE "TB_NON_MEMBER_ORDER" CASCADE CONSTRAINTS;
DROP TABLE "TB_COUPON" CASCADE CONSTRAINTS;
DROP TABLE "TB_MEM_ORDER" CASCADE CONSTRAINTS;
DROP TABLE "TB_MEM_ORDER_DETAIL" CASCADE CONSTRAINTS;
DROP TABLE "TB_VERIFICATION" CASCADE CONSTRAINTS;
DROP TABLE "TB_SEARCH" CASCADE CONSTRAINTS;
DROP TABLE "TB_INQUIRY_PICTURE" CASCADE CONSTRAINTS;
DROP TABLE "TB_PRODUCT_IMG" CASCADE CONSTRAINTS;
DROP TABLE "TB_1ST_OPTION" CASCADE CONSTRAINTS;
DROP TABLE "TB_DISCOUNT" CASCADE CONSTRAINTS;
DROP TABLE "TB_MEM_CARD" CASCADE CONSTRAINTS;
DROP TABLE "TB_NON_MEMBER_ORDER_DETAIL" CASCADE CONSTRAINTS;
DROP TABLE "TB_CART" CASCADE CONSTRAINTS;
DROP TABLE "TB_MEM_REFUND" CASCADE CONSTRAINTS;
DROP TABLE "TB_NON_REFUND" CASCADE CONSTRAINTS;
DROP TABLE "TB_REVIEW_LIKE" CASCADE CONSTRAINTS;
DROP TABLE "TB_NON_CARD" CASCADE CONSTRAINTS;
DROP TABLE "TB_BOOKMARK" CASCADE CONSTRAINTS;
DROP TABLE "TB_WISHLIST" CASCADE CONSTRAINTS;
DROP TABLE "TB_PRODUCT_REPORT" CASCADE CONSTRAINTS;
DROP TABLE "TB_NON_PARCEL" CASCADE CONSTRAINTS;
DROP TABLE "TB_2ND_OPTION" CASCADE CONSTRAINTS;
DROP TABLE "TABLE1" CASCADE CONSTRAINTS;
------------------------------------------------------------------

----------------------------시퀀스(삭제)----------------------------
DROP SEQUENCE SEQ_NON_PARCEL;
CREATE SEQUENCE SEQ_BANNER;
DROP SEQUENCE SEQ_MEM_PARCEL;
DROP SEQUENCE SEQ_NON_PAYMENT;
DROP SEQUENCE SEQ_MEM_PAYMENT;
DROP SEQUENCE SEQ_MEM_ORDER_DETAIL;
DROP SEQUENCE SEQ_NON_MEMBER_ORDER_DETAIL;
DROP SEQUENCE SEQ_MEM_ORDER;
DROP SEQUENCE SEQ_NON_ORDER;
DROP SEQUENCE SEQ_COUPON;
DROP SEQUENCE SEQ_REVIEW;
DROP SEQUENCE SEQ_PRODUCT;
DROP SEQUENCE SEQ_ADM_INQ;
DROP SEQUENCE SEQ_2ST_OPTION;
DROP SEQUENCE SEQ_1ST_OPTION;
DROP SEQUENCE SEQ_PRODUCT_REPORT;
DROP SEQUENCE SEQ_INQUIRY;
DROP SEQUENCE SEQ_NOTICE;
DROP SEQUENCE SEQ_FAQ;
DROP SEQUENCE SEQ_VERIFICATION;
DROP SEQUENCE SEQ_REVIEW_COMMENT;
DROP SEQUENCE SEQ_OWNED_COUPON;
------------------------------------------------------------------

----------------------------시퀀스(생성)----------------------------
--배너
CREATE SEQUENCE SEQ_BANNER
NOCACHE;

--회원_주문
CREATE SEQUENCE SEQ_MEM_ORDER
NOCACHE;

--회원_주문_상세
CREATE SEQUENCE SEQ_MEM_ORDER_DETAIL
NOCACHE;

--회원결제
CREATE SEQUENCE SEQ_MEM_PAYMENT
NOCACHE;

--회원_택배
CREATE SEQUENCE SEQ_MEM_PARCEL
NOCACHE;

--비회원_주문
CREATE SEQUENCE SEQ_NON_ORDER
NOCACHE;

--비회원_결제
CREATE SEQUENCE SEQ_NON_PAYMENT
NOCACHE;

--비회원_택배
CREATE SEQUENCE SEQ_NON_PARCEL
NOCACHE;

--비회원_주문_상세
CREATE SEQUENCE SEQ_NON_MEMBER_ORDER_DETAIL
NOCACHE;

--쿠폰번호
CREATE SEQUENCE SEQ_COUPON
NOCACHE;

--상품번호
CREATE SEQUENCE SEQ_PRODUCT
NOCACHE;

--리뷰번호
CREATE SEQUENCE SEQ_REVIEW
NOCACHE;

--관리자문의번호
CREATE SEQUENCE SEQ_ADM_INQ
NOCACHE;

--1차_옵션
CREATE SEQUENCE SEQ_1ST_OPTION
NOCACHE;

--2차_옵션
CREATE SEQUENCE SEQ_2ST_OPTION
NOCACHE;

--상품신고
CREATE SEQUENCE SEQ_PRODUCT_REPORT
NOCACHE;

--문의
CREATE SEQUENCE SEQ_INQUIRY
NOCACHE;

--공지사항
CREATE SEQUENCE SEQ_NOTICE
NOCACHE;

--FAQ
CREATE SEQUENCE SEQ_FAQ
NOCACHE;

--인증키 (임시 시퀀스 없앨꺼)
CREATE SEQUENCE SEQ_VERIFICATION
NOCACHE;

CREATE SEQUENCE SEQ_REVIEW_COMMENT
NOCACHE;
------------------------------------------------------------------

----------------------------테이블(삭제)----------------------------
-- 보유쿠폰
DROP TABLE TB_OWNED_COUPON;
-- 인증키
DROP TABLE TB_VERIFICATION;
-- 공지사항
DROP TABLE TB_NOTICE;
-- 자주하는질문
DROP TABLE TB_FAQ;
-- 배너
DROP TABLE TB_BANNER;
-- 회원_상품_환교반
DROP TABLE TB_MEM_REFUND;
-- 비회원_상품_환교반
DROP TABLE TB_NON_REFUND;
-- 회원_카드쓰기
DROP TABLE TB_MEM_CARD;
-- 비회원_카드쓰기
DROP TABLE TB_NON_CARD;
-- 관리자 문의
DROP TABLE TB_ADM_INQ;
-- 리뷰댓글
DROP TABLE TB_REVIEW_COMMENT;
-- 리뷰좋아요테이블
DROP TABLE TB_REVIEW_LIKE;
-- 판매자 구독 테이블
DROP TABLE TB_BOOKMARK;
-- 최근검색어
DROP TABLE TB_SEARCH;
-- 카트
DROP TABLE TB_CART;
-- 상품신고
DROP TABLE TB_PRODUCT_REPORT;
-- 비회원_택배
DROP TABLE TB_NON_PARCEL;
-- 비회원_송장
DROP TABLE TB_NON_INVOICE;
-- 상품_2차_옵션
DROP TABLE TB_2ND_OPTION;
-- 상품_1차_옵션
DROP TABLE TB_1ST_OPTION;
-- 비회원_결제
DROP TABLE TB_NON_PAYMENT;
-- 위시리스트
DROP TABLE TB_WISHLIST;
-- 비회원_주문
DROP TABLE TB_NON_MEMBER_ORDER;
-- 카테고리
DROP TABLE TB_CATEGORY;
-- 회원 주문
DROP TABLE TB_MEM_ORDER;
-- 회원 주문_상세
DROP TABLE TB_MEM_ORDER_DETAIL;
-- 문의사진
DROP TABLE TB_INQUIRY_PICTURE;
-- 상품사진
DROP TABLE TB_PRODUCT_IMG;
-- 상품할인
DROP TABLE TB_DISCOUNT;
-- 회원_택배
DROP TABLE TB_MEM_PARCEL;
-- 회원송장
DROP TABLE TB_MEM_INVOICE;
-- 회원결제목록
DROP TABLE TB_MEM_PAYMENT;
-- 쿠폰
DROP TABLE TB_COUPON;
-- 비회원_ 주문_상세
DROP TABLE TB_NON_MEMBER_ORDER_DETAIL;
-- 판매
DROP TABLE TB_SELLER;
-- 회원
DROP TABLE TB_MEMBER;
-- 문의
DROP TABLE TB_INQUIRY;
-- 리뷰
DROP TABLE TB_REVIEW;
-- 상품
DROP TABLE TB_PRODUCT;

------------------------------------------------------------------

----------------------------테이블(생성)----------------------------
--카테고리
CREATE TABLE TB_CATEGORY (
	CATEGORY_SMALL	VARCHAR2(50)	DEFAULT ''	NOT NULL,
	CATEGORY_MIDDILE	VARCHAR2(50)	DEFAULT ''	NOT NULL,
	CATEGORY_BIG	VARCHAR2(50)	DEFAULT ''	NOT NULL
);
COMMENT ON COLUMN TB_CATEGORY.CATEGORY_SMALL IS '소카테고리명';
COMMENT ON COLUMN TB_CATEGORY.CATEGORY_MIDDILE IS '중카테고리명';
COMMENT ON COLUMN TB_CATEGORY.CATEGORY_BIG IS '대카테고리명';

--공지사항
CREATE TABLE TB_NOTICE (
	NOTICE_ID	NUMBER	DEFAULT 0	NOT NULL,
	NOTICE_TITLE	VARCHAR2(200)	DEFAULT ''	NOT NULL,
	NOTICE_COMMENT	VARCHAR2(4000)	DEFAULT ''	NOT NULL,
	NOTICE_REGDATE	DATE	DEFAULT SYSDATE	NOT NULL
);

COMMENT ON COLUMN TB_NOTICE.NOTICE_ID IS '공지사항번호';
COMMENT ON COLUMN TB_NOTICE.NOTICE_TITLE IS '제목';
COMMENT ON COLUMN TB_NOTICE.NOTICE_COMMENT IS '내용';
COMMENT ON COLUMN TB_NOTICE.NOTICE_REGDATE IS '작성일';
--------------------------------------------------------------

-- 자주하는 질문
CREATE TABLE TB_FAQ (
	FAQ_ID	NUMBER	DEFAULT 0	NOT NULL,
	FAQ_CATEGORY	VARCHAR2(100)	DEFAULT ''	NOT NULL,
	FAQ_TITLE	VARCHAR2(200)	DEFAULT ''	NOT NULL,
	FAQ_COMMENT	VARCHAR2(4000)	DEFAULT ''	NOT NULL,
	FAQ_REGDATE	DATE	DEFAULT SYSDATE	NOT NULL,
	FAQ_UPDATE	DATE	DEFAULT SYSDATE	NOT NULL
);
COMMENT ON COLUMN TB_FAQ.FAQ_ID IS '질문번호';
COMMENT ON COLUMN TB_FAQ.FAQ_CATEGORY IS '카테고리';
COMMENT ON COLUMN TB_FAQ.FAQ_TITLE IS '제목';
COMMENT ON COLUMN TB_FAQ.FAQ_COMMENT IS '내용';
COMMENT ON COLUMN TB_FAQ.FAQ_REGDATE IS '등록일';
COMMENT ON COLUMN TB_FAQ.FAQ_UPDATE IS '수정일';
------------------------------------------------------------------

--배너
CREATE TABLE TB_BANNER (
	BANNER_ID	NUMBER	DEFAULT 0	NOT NULL,
	BANNER_NAME	VARCHAR2(50)	DEFAULT ''	NOT NULL,
	BANNER_ATTACHEDFILE	VARCHAR2(4000)	DEFAULT ''	NOT NULL,
	BANNER_DETAIL	VARCHAR2(4000)	DEFAULT ''	NOT NULL,
	BANNER_SHORTCUT	VARCHAR2(4000)	DEFAULT ''	NOT NULL,
	BANNER_REGDATE	DATE	DEFAULT ''	NOT NULL,
	BANNER_UPDATE	DATE	DEFAULT SYSDATE	NULL
);
COMMENT ON COLUMN TB_BANNER.BANNER_ID IS '배너번호';
COMMENT ON COLUMN TB_BANNER.BANNER_NAME IS '배너명';
COMMENT ON COLUMN TB_BANNER.BANNER_ATTACHEDFILE IS '첨부파일';
COMMENT ON COLUMN TB_BANNER.BANNER_DETAIL IS '설명';
COMMENT ON COLUMN TB_BANNER.BANNER_SHORTCUT IS '바로가기 링크 주소';
COMMENT ON COLUMN TB_BANNER.BANNER_REGDATE IS '등록일';
COMMENT ON COLUMN TB_BANNER.BANNER_UPDATE IS '수정일';
--------------------------------------------------------------

-- 판매자
CREATE TABLE TB_SELLER (
	SEL_ID	VARCHAR2(30)	DEFAULT ''	NOT NULL,
	SEL_PW	VARCHAR2(30)	DEFAULT ''	NOT NULL,
	SEL_BUSINESS_NO	VARCHAR2(50)	DEFAULT ''	NOT NULL,
	SEL_STORE_NAME	VARCHAR2(100)	DEFAULT ''	NOT NULL,
	SEL_NAME	VARCHAR2(50)	DEFAULT ''	NOT NULL,
	SEL_EMAIL	VARCHAR2(100)	DEFAULT ''	NOT NULL,
	SEL_PHONE	VARCHAR2(30)	DEFAULT ''	NOT NULL,
	SEL_TEL	VARCHAR2(30)	DEFAULT ''	NULL,
	SEL_FAX	VARCHAR2(50)	DEFAULT ''	NULL,
	SEL_POSTAL	NUMBER	DEFAULT 0	NOT NULL,
	SEL_STREET	VARCHAR2(200)	DEFAULT '' NOT NULL,
	SEL_ADDRESS	VARCHAR2(200)	DEFAULT '' NOT NULL,
	SEL_IMG	VARCHAR2(200)	DEFAULT ''	NULL,
    SEL_STATUS VARCHAR2(10) DEFAULT 'Y' NOT NULL,
    SEL_ENROLL_DATE DATE DEFAULT SYSDATE NOT NULL
);
COMMENT ON COLUMN TB_SELLER.SEL_ID IS '판매자ID';
COMMENT ON COLUMN TB_SELLER.SEL_PW IS '비밀번호';
COMMENT ON COLUMN TB_SELLER.SEL_BUSINESS_NO IS '사업자번호';
COMMENT ON COLUMN TB_SELLER.SEL_STORE_NAME IS '업체명';
COMMENT ON COLUMN TB_SELLER.SEL_NAME IS '대표자명';
COMMENT ON COLUMN TB_SELLER.SEL_EMAIL IS 'EMAIL';
COMMENT ON COLUMN TB_SELLER.SEL_PHONE IS '휴대폰';
COMMENT ON COLUMN TB_SELLER.SEL_TEL IS '전화번호';
COMMENT ON COLUMN TB_SELLER.SEL_FAX IS '팩스번호';
COMMENT ON COLUMN TB_SELLER.SEL_POSTAL IS '사업장주소1(우편번호)';
COMMENT ON COLUMN TB_SELLER.SEL_STREET IS '사업장주소2(주소)';
COMMENT ON COLUMN TB_SELLER.SEL_ADDRESS IS '사업장주소3(상세주소)';
COMMENT ON COLUMN TB_SELLER.SEL_IMG IS '프로필사진경로';
COMMENT ON COLUMN TB_SELLER.SEL_STATUS IS '회원탈퇴유무';
COMMENT ON COLUMN TB_SELLER.SEL_ENROLL_DATE IS '회원가입일';
------------------------------------------------------------------

-- 회원
CREATE TABLE TB_MEMBER (
	MEM_ID	VARCHAR2(30)	DEFAULT ''	NOT NULL,
	MEM_PW	VARCHAR2(30)	DEFAULT ''	NOT NULL,
	MEM_EMAIL	VARCHAR2(40)	DEFAULT ''	NOT NULL,
	MEM_NAME	VARCHAR2(20)	DEFAULT ''	NOT NULL,
	MEM_PHONE	VARCHAR2(20)	DEFAULT ''	NOT NULL,
	MEM_POSTAL	NUMBER	DEFAULT 0	NOT NULL,
	MEM_STREET	VARCHAR2(100)	DEFAULT ''	NOT NULL,
	MEM_ADDRESS	VARCHAR2(100)	DEFAULT ''	NOT NULL,
	MEM_ENROLL_DATE	DATE	DEFAULT SYSDATE	NOT NULL,
	MEM_MILEAGE	NUMBER	DEFAULT 0	NULL,
	MEM_IMG	VARCHAR2(200)	DEFAULT ''	NULL,
	MEM_GET_PHONE	CHAR(3)	DEFAULT 'N'	NOT NULL,
	MEM_BIRTHDATE	DATE	DEFAULT ''	NOT NULL,
	MEM_GENDER	NUMBER	DEFAULT 0	NOT NULL,
	MEM_STATUS	CHAR(3)	DEFAULT 'N'	NOT NULL
);
COMMENT ON COLUMN TB_MEMBER.MEM_ID IS '개인회원ID';
COMMENT ON COLUMN TB_MEMBER.MEM_PW IS '비밀번호';
COMMENT ON COLUMN TB_MEMBER.MEM_EMAIL IS '이메일';
COMMENT ON COLUMN TB_MEMBER.MEM_NAME IS '회원이름';
COMMENT ON COLUMN TB_MEMBER.MEM_PHONE IS '휴대폰번호';
COMMENT ON COLUMN TB_MEMBER.MEM_POSTAL IS '회원주소1(우편번호)';
COMMENT ON COLUMN TB_MEMBER.MEM_STREET IS '회원주소2(주소)';
COMMENT ON COLUMN TB_MEMBER.MEM_ADDRESS IS '회원주소3(상세주소)';
COMMENT ON COLUMN TB_MEMBER.MEM_ENROLL_DATE IS '가입일';
COMMENT ON COLUMN TB_MEMBER.MEM_MILEAGE IS '마일리지';
COMMENT ON COLUMN TB_MEMBER.MEM_IMG IS '프로필이미지경로';
COMMENT ON COLUMN TB_MEMBER.MEM_GET_PHONE IS 'Y/N';
COMMENT ON COLUMN TB_MEMBER.MEM_BIRTHDATE IS '생년월일';
COMMENT ON COLUMN TB_MEMBER.MEM_GENDER IS '1. 남자 2. 여자';
COMMENT ON COLUMN TB_MEMBER.MEM_STATUS IS 'Y/N';
------------------------------------------------------------------

-- 문의
CREATE TABLE TB_INQUIRY (
	INQUIRY_ID	NUMBER	DEFAULT ''	NOT NULL,
	INQUIRY_TYPE	NUMBER	DEFAULT 5	NOT NULL CHECK(INQUIRY_TYPE IN(1,2,3,4,5)),
	INQUIRY_TITLE	VARCHAR2(50)	DEFAULT ''	NOT NULL,
	INQUIRY_COMMENT	VARCHAR2(4000)	DEFAULT ''	NOT NULL,
	P_ID	VARCHAR2(20)	DEFAULT ''	NOT NULL,
	MEM_ID	VARCHAR2(30)	DEFAULT ''	NOT NULL
);
COMMENT ON COLUMN TB_INQUIRY.INQUIRY_ID IS '문의번호';
COMMENT ON COLUMN TB_INQUIRY.INQUIRY_TYPE IS '1.상품/2.교환/3.반품/4.환불/5.기타';
COMMENT ON COLUMN TB_INQUIRY.INQUIRY_TITLE IS '제목';
COMMENT ON COLUMN TB_INQUIRY.INQUIRY_COMMENT IS '내용';
COMMENT ON COLUMN TB_INQUIRY.P_ID IS '상품번호';
COMMENT ON COLUMN TB_INQUIRY.MEM_ID IS '개인회원ID';
------------------------------------------------------------------

--리뷰
CREATE TABLE TB_REVIEW (
	REVIEW_ID	NUMBER	DEFAULT 0	NOT NULL,
	P_ID	NUMBER	DEFAULT 0	NOT NULL,
	REVIEW_RATING	NUMBER	DEFAULT -1	NOT NULL,
	REVIEW_DETAIL	VARCHAR2(4000)	DEFAULT ''	NULL,
	REVIEW_IMG	VARCHAR2(4000)	DEFAULT ''	NULL,
	REVIEW_REPLY	VARCHAR2(4000)	DEFAULT ''	NULL,
	REVIEW_ADD_DATE	DATE	DEFAULT SYSDATE	NOT NULL,
	OD_ID	NUMBER	DEFAULT 0	NOT NULL
);
COMMENT ON COLUMN TB_REVIEW.REVIEW_ID IS '리뷰번호';
COMMENT ON COLUMN TB_REVIEW.P_ID IS '상품번호';
COMMENT ON COLUMN TB_REVIEW.REVIEW_RATING IS '평점 :최고 5점';
COMMENT ON COLUMN TB_REVIEW.REVIEW_DETAIL IS '리뷰내용';
COMMENT ON COLUMN TB_REVIEW.REVIEW_IMG IS '리뷰사진';
COMMENT ON COLUMN TB_REVIEW.REVIEW_REPLY IS '리뷰댓글';
COMMENT ON COLUMN TB_REVIEW.REVIEW_ADD_DATE IS '작성일';
COMMENT ON COLUMN TB_REVIEW.OD_ID IS '주문상세번호';
------------------------------------------------------------------

--리뷰댓글
CREATE TABLE TB_REVIEW_COMMENT(
    COMMENT_NO NUMBER DEFAULT 0 NOT NULL,
    COMMENT_MESSAGE VARCHAR2(4000) DEFAULT '' NOT NULL,
    COMMENT_DATE DATE DEFAULT SYSDATE NOT NULL,
    REVIEW_ID NUMBER DEFAULT 0 NOT NULL
);

COMMENT ON COLUMN TB_REVIEW_COMMENT.COMMENT_NO IS '리뷰댓글번호';
COMMENT ON COLUMN TB_REVIEW_COMMENT.COMMENT_MESSAGE IS '리뷰댓글';
COMMENT ON COLUMN TB_REVIEW_COMMENT.COMMENT_DATE IS '작성일';
COMMENT ON COLUMN TB_REVIEW_COMMENT.REVIEW_ID IS '리뷰번호';

------------------------------------------------------------------

--회원 송장관리
CREATE TABLE TB_MEM_INVOICE (
	INVOICE_ID	NUMBER	DEFAULT 0	NOT NULL,
	PAY_STATUS	CHAR(1)	DEFAULT 'N'	NULL,
	INVOICE_REGDATE	DATE	DEFAULT SYSDATE	NULL,
	PAY_ID	NUMBER	DEFAULT 0	NOT NULL,
	OD_ID	NUMBER	DEFAULT 0	NOT NULL
);
COMMENT ON COLUMN TB_MEM_INVOICE.INVOICE_ID IS '송장번호';
COMMENT ON COLUMN TB_MEM_INVOICE.PAY_STATUS IS 'Y/N';
COMMENT ON COLUMN TB_MEM_INVOICE.INVOICE_REGDATE IS '송장등록일';
COMMENT ON COLUMN TB_MEM_INVOICE.PAY_ID IS '결제번호';
COMMENT ON COLUMN TB_MEM_INVOICE.OD_ID IS '주문상세번호';
------------------------------------------------------------------

-- 관리자문의
CREATE TABLE TB_ADM_INQ (
	ADM_INQ_NUMBER	NUMBER	DEFAULT 0	NOT NULL,
	ADM_INQ_TYPE	NUMBER	DEFAULT 3	NOT NULL CHECK(ADM_INQ_TYPE IN(1,2,3)),
	ADM_INQ_TITLE	VARCHAR2(100)	DEFAULT ''	NULL,
	ADM_INQ_DETAIL	VARCHAR2(4000)	DEFAULT ''	NULL,
	ADM_INQ_ADD_DATE	DATE	DEFAULT SYSDATE	NULL,
	ADM_INQ_STATUS_YN	VARCHAR2(3)	DEFAULT 'N'	NULL,
	SEL_ID	VARCHAR2(30)	DEFAULT ''	NOT NULL
);
COMMENT ON COLUMN TB_ADM_INQ.ADM_INQ_NUMBER IS '관리자문의번호';
COMMENT ON COLUMN TB_ADM_INQ.ADM_INQ_TYPE IS '1 : 리뷰삭제/ 2: 상품등록/ 3: 기타';
COMMENT ON COLUMN TB_ADM_INQ.ADM_INQ_TITLE IS '제목';
COMMENT ON COLUMN TB_ADM_INQ.ADM_INQ_DETAIL IS '내용';
COMMENT ON COLUMN TB_ADM_INQ.ADM_INQ_ADD_DATE IS '등록일';
COMMENT ON COLUMN TB_ADM_INQ.ADM_INQ_STATUS_YN IS 'Y/N';
COMMENT ON COLUMN TB_ADM_INQ.SEL_ID IS '판매자ID';
------------------------------------------------------------------

-- 상품
CREATE TABLE TB_PRODUCT (
	P_ID	NUMBER	DEFAULT 0	NOT NULL,
	P_NAME	VARCHAR2(100)	DEFAULT ''	NOT NULL,
	P_NETPRICE	NUMBER	DEFAULT 0	NOT NULL,
	P_DETAIL	VARCHAR2(4000)	DEFAULT ''	NULL,
	P_STOCK	NUMBER	DEFAULT 0	NULL,
	P_ENROLL_DATE	DATE	DEFAULT SYSDATE	NOT NULL,
	P_RETURN_YN	CHAR(3)	DEFAULT 'N'	NULL,
	P_TAG_YN	CHAR(3)	DEFAULT 'N'	NULL,
	SAL_ID	VARCHAR2(12)	DEFAULT ''	NOT NULL,
	CATEGORY_SMALL	VARCHAR2(50)	DEFAULT ''	NOT NULL
);
COMMENT ON COLUMN TB_PRODUCT.P_ID IS '상품번호';
COMMENT ON COLUMN TB_PRODUCT.P_NAME IS '상품명';
COMMENT ON COLUMN TB_PRODUCT.P_NETPRICE IS '가격';
COMMENT ON COLUMN TB_PRODUCT.P_DETAIL IS '상세설명';
COMMENT ON COLUMN TB_PRODUCT.P_STOCK IS '총수량';
COMMENT ON COLUMN TB_PRODUCT.P_ENROLL_DATE IS '등록일';
COMMENT ON COLUMN TB_PRODUCT.P_RETURN_YN IS '환불여부(Y,N)';
COMMENT ON COLUMN TB_PRODUCT.P_TAG_YN IS '카드여부(Y,N)';
COMMENT ON COLUMN TB_PRODUCT.SAL_ID IS '판매자ID';
COMMENT ON COLUMN TB_PRODUCT.CATEGORY_SMALL IS '소카테고리명';
------------------------------------------------------------------

--회원 택배
CREATE TABLE TB_MEM_PARCEL (
	PARCEL_ID	NUMBER	DEFAULT 0	NOT NULL,
	PARCEL_NAME	VARCHAR2(50)	DEFAULT ''	NULL,
	PARCEL_STATUS	CHAR(1)	DEFAULT 'N'	NULL,
	COL_DATE	DATE	DEFAULT SYSDATE	NULL,
	INVOICE_ID	NUMBER	DEFAULT 0	NOT NULL
);
COMMENT ON COLUMN TB_MEM_PARCEL.PARCEL_ID IS '택배번호';
COMMENT ON COLUMN TB_MEM_PARCEL.PARCEL_NAME IS '택배사이름';
COMMENT ON COLUMN TB_MEM_PARCEL.PARCEL_STATUS IS 'Y/N';
COMMENT ON COLUMN TB_MEM_PARCEL.COL_DATE IS '택배수거일';
COMMENT ON COLUMN TB_MEM_PARCEL.INVOICE_ID IS '송장번호';
------------------------------------------------------------------

-- 비회원_주문
CREATE TABLE TB_NON_MEMBER_ORDER (
	ORD_ID	NUMBER	DEFAULT 0	NOT NULL,
	ORD_DATE	DATE	DEFAULT SYSDATE	NOT NULL,
	ORD_POSTAL	NUMBER	DEFAULT ''	NOT NULL,
	ORD_STREET	VARCHAR2(100)	DEFAULT ''	NOT NULL,
	ORD_ADDRESS	VARCHAR2(100)	DEFAULT ''	NOT NULL,
	ORD_REQUEST	VARCHAR2(500)	DEFAULT ''	NULL,
	ORD_RECEIVER_NAME	CHAR(20)	DEFAULT ''	NOT NULL,
	ORD_RECEIVER_PHONE	VARCHAR2(20)	DEFAULT ''	NOT NULL
);
COMMENT ON COLUMN TB_NON_MEMBER_ORDER.ORD_ID IS '주문번호';
COMMENT ON COLUMN TB_NON_MEMBER_ORDER.ORD_DATE IS '주문날짜';
COMMENT ON COLUMN TB_NON_MEMBER_ORDER.ORD_POSTAL IS '배송지주소1(우편번호)';
COMMENT ON COLUMN TB_NON_MEMBER_ORDER.ORD_STREET IS '배송지주소2(주소)';
COMMENT ON COLUMN TB_NON_MEMBER_ORDER.ORD_ADDRESS IS '배송지주소3(상세주소)';
COMMENT ON COLUMN TB_NON_MEMBER_ORDER.ORD_REQUEST IS '배송요청사항';
COMMENT ON COLUMN TB_NON_MEMBER_ORDER.ORD_RECEIVER_NAME IS '수령자이름';
COMMENT ON COLUMN TB_NON_MEMBER_ORDER.ORD_RECEIVER_PHONE IS '수령자전화번호';
------------------------------------------------------------------

--쿠폰
CREATE TABLE TB_COUPON (
	COU_ID	NUMBER	DEFAULT 0	NOT NULL,
	COU_NAME	VARCHAR2(255)	DEFAULT ''	NULL,
	COU_DETAIL	VARCHAR2(255)	DEFAULT ''	NULL,
	COU_IMG	VARCHAR2(255)	DEFAULT ''	NULL,
	COU_EXPIRE	DATE	DEFAULT SYSDATE+7	NULL,
	COU_CONDITION_1	VARCHAR2(255)	DEFAULT ''	NULL,
    COU_CONDITION_2	VARCHAR2(255)	DEFAULT ''	NULL,
	COU_CONDITION_3	VARCHAR2(255)	DEFAULT ''	NULL,
	COU_REGDATE	DATE	DEFAULT SYSDATE	NULL,
	COU_EDIT_DATE	DATE	DEFAULT SYSDATE	NULL,
    COU_DISCOUNT    NUMBER  DEFAULT 0   NOT NULL
);
COMMENT ON COLUMN TB_COUPON.COU_ID IS '쿠폰번호';
COMMENT ON COLUMN TB_COUPON.COU_NAME IS '쿠폰명';
COMMENT ON COLUMN TB_COUPON.COU_DETAIL IS '내용';
COMMENT ON COLUMN TB_COUPON.COU_IMG IS '썸네일 경로';
COMMENT ON COLUMN TB_COUPON.COU_EXPIRE IS '만료일';
COMMENT ON COLUMN TB_COUPON.COU_CONDITION_1 IS '조건1';
COMMENT ON COLUMN TB_COUPON.COU_CONDITION_2 IS '조건2';
COMMENT ON COLUMN TB_COUPON.COU_CONDITION_3 IS '조건3';
COMMENT ON COLUMN TB_COUPON.COU_REGDATE IS '등록일';
COMMENT ON COLUMN TB_COUPON.COU_EDIT_DATE IS '수정일';
COMMENT ON COLUMN TB_COUPON.COU_DISCOUNT IS '0< :  지급액 / 0> : 할인 백분율';
------------------------------------------------------------------

-- 회원_주문
CREATE TABLE TB_MEM_ORDER (
	ORD_ID	NUMBER	DEFAULT 0	NOT NULL,
	MEM_ID	VARCHAR2(12)	DEFAULT ''	NOT NULL,
	ORD_DATE	DATE	DEFAULT SYSDATE	NOT NULL,
	ORD_POSTAL	NUMBER	DEFAULT 0	NOT NULL,
	ORD_STREET	VARCHAR2(100)	DEFAULT ''	NOT NULL,
	ORD_ADDRESS	VARCHAR2(100)	DEFAULT ''	NOT NULL,
	ORD_RECIEVER_NAME	CHAR(20)	DEFAULT ''	NOT NULL,
	ORD_RECIEVER_PHONE	VARCHAR2(20)	DEFAULT ''	NOT NULL,
	ORD_REQUEST	VARCHAR2(500)	DEFAULT ''	NULL
);
COMMENT ON COLUMN TB_MEM_ORDER.ORD_ID IS '주문번호';
COMMENT ON COLUMN TB_MEM_ORDER.MEM_ID IS '개인회원ID';
COMMENT ON COLUMN TB_MEM_ORDER.ORD_DATE IS '주문날짜';
COMMENT ON COLUMN TB_MEM_ORDER.ORD_POSTAL IS '수령자주소1(우편번호)';
COMMENT ON COLUMN TB_MEM_ORDER.ORD_STREET IS '수령자주소2(주소)';
COMMENT ON COLUMN TB_MEM_ORDER.ORD_ADDRESS IS '수령자주소3(상세주소)';
COMMENT ON COLUMN TB_MEM_ORDER.ORD_RECIEVER_NAME IS '수령자이름';
COMMENT ON COLUMN TB_MEM_ORDER.ORD_RECIEVER_PHONE IS '수령자전화번호';
COMMENT ON COLUMN TB_MEM_ORDER.ORD_REQUEST IS '배송요청사항';
------------------------------------------------------------------

--회원_주문_상세
CREATE TABLE TB_MEM_ORDER_DETAIL (
	OD_ID	NUMBER	DEFAULT 0	NOT NULL,
	OD_COUNT	NUMBER	DEFAULT 0	NULL,
	OD_STATUS	NUMBER	DEFAULT 1	NULL CHECK(OD_STATUS IN(1,2,3)),
	ORD_ID	NUMBER	DEFAULT 0	NOT NULL,
	P_ID	NUMBER	DEFAULT 0	NOT NULL,
	MEM_ID	VARCHAR2(12)	DEFAULT ''	NOT NULL
);
COMMENT ON COLUMN TB_MEM_ORDER_DETAIL.OD_ID IS '주문상세번호';
COMMENT ON COLUMN TB_MEM_ORDER_DETAIL.OD_COUNT IS '상품수량';
COMMENT ON COLUMN TB_MEM_ORDER_DETAIL.OD_STATUS IS '1.준비/2.배송중/3.완료';
COMMENT ON COLUMN TB_MEM_ORDER_DETAIL.ORD_ID IS '주문번호';
COMMENT ON COLUMN TB_MEM_ORDER_DETAIL.P_ID IS '상품번호';
COMMENT ON COLUMN TB_MEM_ORDER_DETAIL.MEM_ID IS '개인회원ID';
------------------------------------------------------------------

--보유쿠폰
CREATE TABLE TB_OWNED_COUPON (
	MEM_ID	VARCHAR2(12)	DEFAULT ''	NOT NULL,
	COU_ID	NUMBER	DEFAULT 0	NOT NULL,
	COU_USED_YN	CHAR(3)	DEFAULT 'N'	NULL
);
COMMENT ON COLUMN TB_OWNED_COUPON.MEM_ID IS '개인회원ID';
COMMENT ON COLUMN TB_OWNED_COUPON.COU_ID IS '쿠폰번호';
COMMENT ON COLUMN TB_OWNED_COUPON.COU_USED_YN IS 'Y/N';
------------------------------------------------------------------

--인증키
CREATE TABLE TB_VERIFICATION (
	VERIF_ID	VARCHAR2(30)	DEFAULT 0	NOT NULL,
	MEM_ID	VARCHAR2(30)	DEFAULT 0	NOT NULL,
	VERIF_EMAIL	VARCHAR2(30)	DEFAULT ''	NOT NULL,
	VERIF_TYPE	NUMBER	DEFAULT 0	NOT NULL CHECK(VERIF_TYPE IN (0,1,2,3,4)),
	VERIF_CREATE_DATE	DATE	DEFAULT SYSDATE	NULL,
	VERIF_USED_DATE	DATE	DEFAULT SYSDATE	NULL,
	VERIF_DEL_YN	CHAR(1)	DEFAULT 'N'	NOT NULL
);
COMMENT ON COLUMN TB_VERIFICATION.VERIF_ID IS 'PK';
COMMENT ON COLUMN TB_VERIFICATION.MEM_ID IS '이메일 인증이 필요한 회원 PK';
COMMENT ON COLUMN TB_VERIFICATION.VERIF_EMAIL IS '이메일 인증키';
COMMENT ON COLUMN TB_VERIFICATION.VERIF_TYPE IS '인증종류 1: 회원가입, 2:이메일변경, 3.아이디 분실, 4. 패스워드 분실0:ERR';
COMMENT ON COLUMN TB_VERIFICATION.VERIF_CREATE_DATE IS '인증키 생성 일자';
COMMENT ON COLUMN TB_VERIFICATION.VERIF_USED_DATE IS '인증키 사용 일자';
COMMENT ON COLUMN TB_VERIFICATION.VERIF_DEL_YN IS 'Y/N';
------------------------------------------------------------------

--검색키워드
CREATE TABLE TB_SEARCH (
	MEM_ID	VARCHAR2(20)	DEFAULT ''	NOT NULL,
	SEARCH_KEYWORD	VARCHAR2(100)	DEFAULT ''	NOT NULL,
	SEARCH_DATE	DATE	DEFAULT SYSDATE	NOT NULL
);
COMMENT ON COLUMN TB_SEARCH.MEM_ID IS '개인회원ID';
COMMENT ON COLUMN TB_SEARCH.SEARCH_KEYWORD IS '키워드';
COMMENT ON COLUMN TB_SEARCH.SEARCH_DATE IS '일시';
------------------------------------------------------------------

--문의사진
CREATE TABLE TB_INQUIRY_PICTURE (
	INQUIRY_PICTURE_ID	NUMBER	DEFAULT 0	NOT NULL,
	INQUIRY_PICTURE_IMG	VARCHAR2(4000)	DEFAULT ''	NOT NULL
);
COMMENT ON COLUMN TB_INQUIRY_PICTURE.INQUIRY_PICTURE_ID IS '문의번호';
COMMENT ON COLUMN TB_INQUIRY_PICTURE.INQUIRY_PICTURE_IMG IS '문의사진경로';
------------------------------------------------------------------

--상품사진
CREATE TABLE TB_PRODUCT_IMG (
	P_ID	NUMBER	DEFAULT 0	NOT NULL,
	P_IMG1	VARCHAR2(4000)	DEFAULT ''	NOT NULL,
	P_IMG2	VARCHAR2(4000)	DEFAULT ''	NOT NULL,
	P_IMG3	VARCHAR2(4000)	DEFAULT ''	NOT NULL,
	P_IMG4	VARCHAR2(4000)	DEFAULT ''	NOT NULL,
	P_IMG5	VARCHAR2(4000)	DEFAULT ''	NOT NULL,
	P_IMG6	VARCHAR2(4000)	DEFAULT ''	NULL,
	P_IMG7	VARCHAR2(4000)	DEFAULT ''	NULL,
	P_IMG8	VARCHAR2(4000)	DEFAULT ''	NULL,
	P_IMG9	VARCHAR2(4000)	DEFAULT ''	NULL,
	P_IMG10	VARCHAR2(4000)	DEFAULT ''	NULL
);
COMMENT ON COLUMN TB_PRODUCT_IMG.P_ID IS '상품번호';
COMMENT ON COLUMN TB_PRODUCT_IMG.P_IMG1 IS '이미지경로1';
COMMENT ON COLUMN TB_PRODUCT_IMG.P_IMG2 IS '이미지경로2';
COMMENT ON COLUMN TB_PRODUCT_IMG.P_IMG3 IS '이미지경로3';
COMMENT ON COLUMN TB_PRODUCT_IMG.P_IMG4 IS '이미지경로4';
COMMENT ON COLUMN TB_PRODUCT_IMG.P_IMG5 IS '이미지경로5';
COMMENT ON COLUMN TB_PRODUCT_IMG.P_IMG6 IS '이미지경로6';
COMMENT ON COLUMN TB_PRODUCT_IMG.P_IMG7 IS '이미지경로7';
COMMENT ON COLUMN TB_PRODUCT_IMG.P_IMG8 IS '이미지경로8';
COMMENT ON COLUMN TB_PRODUCT_IMG.P_IMG9 IS '이미지경로9';
COMMENT ON COLUMN TB_PRODUCT_IMG.P_IMG10 IS '이미지경로10';
------------------------------------------------------------------

--상품_1차옵션
CREATE TABLE TB_1ST_OPTION (
	OPTION_ID	VARCHAR2(50)	DEFAULT ''	NOT NULL,
	OPTION_MAIN	VARCHAR2(1000)	DEFAULT ''	NOT NULL,
	OPTION_PRICE	NUMBER	DEFAULT 0	NOT NULL,
	OPTION_STOCK	NUMBER	DEFAULT 0	NULL,
	P_ID	VARCHAR2(20)	DEFAULT 0	NOT NULL
);
COMMENT ON COLUMN TB_1ST_OPTION.OPTION_ID IS '옵션아이디';
COMMENT ON COLUMN TB_1ST_OPTION.OPTION_MAIN IS '내용';
COMMENT ON COLUMN TB_1ST_OPTION.OPTION_PRICE IS '가격';
COMMENT ON COLUMN TB_1ST_OPTION.OPTION_STOCK IS '재고';
COMMENT ON COLUMN TB_1ST_OPTION.P_ID IS '상품번호';
------------------------------------------------------------------

--상품할인
CREATE TABLE TB_DISCOUNT (
	P_ID	NUMBER	DEFAULT 0	NOT NULL,
	DISCOUNT_RATE	NUMBER	DEFAULT 0	NULL
);
COMMENT ON COLUMN TB_DISCOUNT.P_ID IS '상품번호';
COMMENT ON COLUMN TB_DISCOUNT.DISCOUNT_RATE IS '할인율';
------------------------------------------------------------------

--회원카드쓰기
CREATE TABLE TB_MEM_CARD (
	OD_ID	NUMBER	DEFAULT 0	NOT NULL,
	RIBBON_LEFT	VARCHAR2(4000)	DEFAULT ''	NULL,
	RIBBON_RIGHT	VARCHAR2(4000)	DEFAULT ''	NULL,
	RIBBON_COMMENT	VARCHAR2(4000)	DEFAULT ''	NULL
);
COMMENT ON COLUMN TB_MEM_CARD.OD_ID IS '주문상세번호';
COMMENT ON COLUMN TB_MEM_CARD.RIBBON_LEFT IS '리본좌측';
COMMENT ON COLUMN TB_MEM_CARD.RIBBON_RIGHT IS '리본우측';
COMMENT ON COLUMN TB_MEM_CARD.RIBBON_COMMENT IS '메세지';
------------------------------------------------------------------

--비회원_주문_상세
CREATE TABLE TB_NON_MEMBER_ORDER_DETAIL (
	OD_ID	NUMBER	DEFAULT 0	NOT NULL,
	OD_COUNT	NUMBER	DEFAULT 0	NOT NULL,
	OD_STATUS	NUMBER	DEFAULT 1	NOT NULL CHECK(OD_STATUS IN(1,2,3)),
	P_ID	VARCHAR2(20)	DEFAULT ''	NOT NULL,
	ORD_ID	NUMBER	DEFAULT 0	NOT NULL
);
COMMENT ON COLUMN TB_NON_MEMBER_ORDER_DETAIL.OD_ID IS '주문상세정보';
COMMENT ON COLUMN TB_NON_MEMBER_ORDER_DETAIL.OD_COUNT IS '상품수량';
COMMENT ON COLUMN TB_NON_MEMBER_ORDER_DETAIL.OD_STATUS IS '1.준비중/2.배송중/3.배송완료';
COMMENT ON COLUMN TB_NON_MEMBER_ORDER_DETAIL.P_ID IS '상품번호';
COMMENT ON COLUMN TB_NON_MEMBER_ORDER_DETAIL.ORD_ID IS '주문번호';
------------------------------------------------------------------

--장바구니
CREATE TABLE TB_CART (
	MEM_ID	VARCHAR2(30)	DEFAULT ''	NOT NULL,
	P_ID	NUMBER	DEFAULT 0	NOT NULL,
	CART_STOCK	NUMBER	DEFAULT 0	NOT NULL,
	CART_ADD_DATE	DATE	DEFAULT SYSDATE	NOT NULL
);
COMMENT ON COLUMN TB_CART.MEM_ID IS '개인회원ID';
COMMENT ON COLUMN TB_CART.P_ID IS '상품번호';
COMMENT ON COLUMN TB_CART.CART_STOCK IS '수량';
COMMENT ON COLUMN TB_CART.CART_ADD_DATE IS '등록일';
------------------------------------------------------------------

--회원_상품_환교반
CREATE TABLE TB_MEM_REFUND (
	OD_ID	NUMBER	DEFAULT 0	NOT NULL,
	REFUND_TYPE	NUMBER	DEFAULT 0	NOT NULL CHECK(REFUND_TYPE IN(0,1,2,3)),
	REFUND_TITLE	VARCHAR2(100)	DEFAULT ''	NOT NULL,
	REFUND_COMMENT	VARCHAR2(4000)	DEFAULT ''	NOT NULL,
	REFUND_IMG	VARCHAR2(4000)	DEFAULT ''	NULL,
	REFUND_APPROVAL_STATUS	NUMBER	DEFAULT 1	NULL CHECK(REFUND_APPROVAL_STATUS IN(1,2,3)),
	REFUND_STATUS	NUMBER	DEFAULT 1 NOT NULL CHECK(REFUND_STATUS IN(1,2,3))	
);
COMMENT ON COLUMN TB_MEM_REFUND.OD_ID IS '주문상세번호';
COMMENT ON COLUMN TB_MEM_REFUND.REFUND_TYPE IS '1.교환/2.환불/3.반품';
COMMENT ON COLUMN TB_MEM_REFUND.REFUND_TITLE IS '제목';
COMMENT ON COLUMN TB_MEM_REFUND.REFUND_COMMENT IS '내용';
COMMENT ON COLUMN TB_MEM_REFUND.REFUND_IMG IS '사진경로';
COMMENT ON COLUMN TB_MEM_REFUND.REFUND_APPROVAL_STATUS IS '1.승인대기/2.승인됨/3.승인거절';
COMMENT ON COLUMN TB_MEM_REFUND.REFUND_STATUS IS '1.접수/2.처리중/3.처리완료';
------------------------------------------------------------------

--비회원_상품_환교반
CREATE TABLE TB_NON_REFUND (
	OD_ID	NUMBER	DEFAULT 0	NOT NULL,
	REFUND_TYPE	NUMBER	DEFAULT ''	NOT NULL CHECK(REFUND_TYPE IN(0,1,2,3)),
	REFUND_TITLE	VARCHAR2(50)	DEFAULT ''	NOT NULL,
	REFUND_COMMENT	VARCHAR2(4000)	DEFAULT ''	NOT NULL,
	REFUND_PHONE	VARCHAR2(13)	DEFAULT ''	NOT NULL,
	REFUND_EMAIL	VARCHAR2(50)	DEFAULT ''	NOT NULL,
	REFUND_IMG	VARCHAR2(4000)	DEFAULT ''	NULL,
	REFUND_APPROVAL_STATUS	NUMBER	DEFAULT 1	NULL CHECK(REFUND_APPROVAL_STATUS IN(1,2,3)),
	REFUND_STATUS	NUMBER	DEFAULT 1	NOT NULL CHECK(REFUND_STATUS IN(1,2,3))
);
COMMENT ON COLUMN TB_NON_REFUND.OD_ID IS '주문상세정보';
COMMENT ON COLUMN TB_NON_REFUND.REFUND_TYPE IS '1.교환/2.환불/3.반품';
COMMENT ON COLUMN TB_NON_REFUND.REFUND_TITLE IS '제목';
COMMENT ON COLUMN TB_NON_REFUND.REFUND_COMMENT IS '내용';
COMMENT ON COLUMN TB_NON_REFUND.REFUND_PHONE IS '전화번호';
COMMENT ON COLUMN TB_NON_REFUND.REFUND_EMAIL IS '이메일';
COMMENT ON COLUMN TB_NON_REFUND.REFUND_IMG IS '사진경로';
COMMENT ON COLUMN TB_NON_REFUND.REFUND_APPROVAL_STATUS IS '1.승인됨/2.승인거절/3.승인중';
COMMENT ON COLUMN TB_NON_REFUND.REFUND_STATUS IS '접수/처리중/처리완료';
------------------------------------------------------------------

--회원결제목록
CREATE TABLE TB_MEM_PAYMENT (
	PAY_ID	NUMBER	DEFAULT 0	NOT NULL,
	OD_ID	NUMBER	DEFAULT 0	NOT NULL,
	TOTAL_PAY	NUMBER	DEFAULT 0	NULL,
	PAY_DATE	DATE	DEFAULT SYSDATE	NULL
);
COMMENT ON COLUMN TB_MEM_PAYMENT.PAY_ID IS '결제번호';
COMMENT ON COLUMN TB_MEM_PAYMENT.OD_ID IS '주문상세번호';
COMMENT ON COLUMN TB_MEM_PAYMENT.TOTAL_PAY IS '총결제금액';
COMMENT ON COLUMN TB_MEM_PAYMENT.PAY_DATE IS '결제일';

--리뷰추천
CREATE TABLE TB_REVIEW_LIKE (
	MEM_ID	VARCHAR2(30)	DEFAULT ''	NOT NULL,
	REVIEW_ID	NUMBER	DEFAULT 0	NOT NULL,
	LIKE_DATE	DATE	DEFAULT SYSDATE	NOT NULL
);
COMMENT ON COLUMN TB_REVIEW_LIKE.MEM_ID IS '개인회원ID';
COMMENT ON COLUMN TB_REVIEW_LIKE.REVIEW_ID IS '리뷰번호';
COMMENT ON COLUMN TB_REVIEW_LIKE.LIKE_DATE IS '추천일자';
------------------------------------------------------------------

--비회원_카드쓰기
CREATE TABLE TB_NON_CARD (
	OD_ID	NUMBER	DEFAULT 0	NOT NULL,
	RIBBON_LEFT	VARCHAR2(4000)	DEFAULT ''	NULL,
	RIBBON_RIGHT	VARCHAR2(4000)	DEFAULT ''	NULL,
	RIBBON_MESSAGE	VARCHAR2(4000)	DEFAULT ''	NULL
);
COMMENT ON COLUMN TB_NON_CARD.OD_ID IS '주문상세정보';
COMMENT ON COLUMN TB_NON_CARD.RIBBON_LEFT IS '리본좌측메세지';
COMMENT ON COLUMN TB_NON_CARD.RIBBON_RIGHT IS '리본우측메세지';
COMMENT ON COLUMN TB_NON_CARD.RIBBON_MESSAGE IS '카드메세지';
------------------------------------------------------------------

--판매자_구독
CREATE TABLE TB_BOOKMARK (
	MEM_ID	VARCHAR2(12)	DEFAULT ''	NOT NULL,
	SEL_ID	VARCHAR(20)	DEFAULT ''	NOT NULL
);
COMMENT ON COLUMN TB_BOOKMARK.MEM_ID IS '개인회원ID';
COMMENT ON COLUMN TB_BOOKMARK.SEL_ID IS '판매자ID';
------------------------------------------------------------------

--위시리스트
CREATE TABLE TB_WISHLIST (
	MEM_ID	VARCHAR2(12)	DEFAULT ''	NOT NULL,
	P_ID	NUMBER	DEFAULT 0	NOT NULL,
	WISHLIST_DATE	DATE	DEFAULT SYSDATE	NOT NULL
);
COMMENT ON COLUMN TB_WISHLIST.MEM_ID IS '개인회원ID';
COMMENT ON COLUMN TB_WISHLIST.P_ID IS '상품번호';
COMMENT ON COLUMN TB_WISHLIST.WISHLIST_DATE IS '찜날짜';

--상품신고
CREATE TABLE TB_PRODUCT_REPORT (
	REPORT_ID	NUMBER	DEFAULT ''	NOT NULL,
	REPORT_CATEGORY	NUMBER	DEFAULT 1	NOT NULL,
	REPORT_COMMENT	VARCHAR2(4000)	DEFAULT ''	NULL,
	P_ID	VARCHAR2(20)	DEFAULT 0	NOT NULL,
	MEM_ID	VARCHAR2(12)	DEFAULT ''	NOT NULL
);
COMMENT ON COLUMN TB_PRODUCT_REPORT.REPORT_ID IS '신고번호';
COMMENT ON COLUMN TB_PRODUCT_REPORT.REPORT_CATEGORY IS '1.기타/2.사진/3.수입처';
COMMENT ON COLUMN TB_PRODUCT_REPORT.REPORT_COMMENT IS '신고내용';
COMMENT ON COLUMN TB_PRODUCT_REPORT.P_ID IS '상품번호';
COMMENT ON COLUMN TB_PRODUCT_REPORT.MEM_ID IS '개인회원ID';
------------------------------------------------------------------

--비회원_택배
CREATE TABLE TB_NON_PARCEL (
	PARCEL_ID	NUMBER	DEFAULT 0	NOT NULL,
	PARCEL_NAME	VARCHAR2(30)	DEFAULT ''	NULL,
	PARCEL_STATUS	CHAR(1)	DEFAULT 'N'	NULL,
	COL_DATE	DATE	DEFAULT SYSDATE	NULL,
	INVOICE_ID	NUMBER	DEFAULT 0	NOT NULL
);
COMMENT ON COLUMN TB_NON_PARCEL.PARCEL_ID IS '택배사 이름';
COMMENT ON COLUMN TB_NON_PARCEL.PARCEL_NAME IS '택배사';
COMMENT ON COLUMN TB_NON_PARCEL.PARCEL_STATUS IS 'Y/N';
COMMENT ON COLUMN TB_NON_PARCEL.COL_DATE IS '택배수거일';
COMMENT ON COLUMN TB_NON_PARCEL.INVOICE_ID IS '송장번호';
------------------------------------------------------------------

--비회원_송장
CREATE TABLE TB_NON_INVOICE (
	INVOICE_ID	NUMBER	DEFAULT 0	NOT NULL,
	PAY_STATUS	CHAR(1)	DEFAULT 'N'	NULL,
	INVOICE_REGDATE	DATE	DEFAULT SYSDATE	NULL,
	PAY_ID	NUMBER	DEFAULT 0	NOT NULL,
	OD_ID	NUMBER	DEFAULT 0	NOT NULL
);
COMMENT ON COLUMN TB_NON_INVOICE.INVOICE_ID IS '송장번호';
COMMENT ON COLUMN TB_NON_INVOICE.PAY_STATUS IS 'Y/N';
COMMENT ON COLUMN TB_NON_INVOICE.INVOICE_REGDATE IS '송장등록일';
COMMENT ON COLUMN TB_NON_INVOICE.PAY_ID IS '결제번호';
COMMENT ON COLUMN TB_NON_INVOICE.OD_ID IS '주문상세정보';
------------------------------------------------------------------

--2차옵션
CREATE TABLE TB_2ND_OPTION (
	OPTION_CON	VARCHAR2(50)	DEFAULT ''	NOT NULL,
	OPTION_2ND_ID	VARCHAR2(50)	DEFAULT ''	NOT NULL,
	OPTION_2ND_CONTENT	VARCHAR2(100)	DEFAULT ''	NOT NULL,
	OPTION_2ND_PRICE	NUMBER	DEFAULT 0	NULL,
	OPTION_2ND_STOCK	NUMBER	DEFAULT 0	NOT NULL
);
COMMENT ON COLUMN TB_2ND_OPTION.OPTION_CON IS '옵션내용아이디';
COMMENT ON COLUMN TB_2ND_OPTION.OPTION_2ND_ID IS '옵션아이디';
COMMENT ON COLUMN TB_2ND_OPTION.OPTION_2ND_CONTENT IS '내용';
COMMENT ON COLUMN TB_2ND_OPTION.OPTION_2ND_PRICE IS '가격';
COMMENT ON COLUMN TB_2ND_OPTION.OPTION_2ND_STOCK IS '재고';
------------------------------------------------------------------

--비회원_결제
CREATE TABLE TB_NON_PAYMENT (
	PAY_ID	NUMBER	DEFAULT 0	NOT NULL,
	OD_ID	NUMBER	DEFAULT 0	NOT NULL,
	TOTAL_PAY	NUMBER	DEFAULT 0	NULL,
	PAY_DATE	DATE	DEFAULT SYSDATE	NULL
);
COMMENT ON COLUMN TB_NON_PAYMENT.PAY_ID IS '결제번호';
COMMENT ON COLUMN TB_NON_PAYMENT.OD_ID IS '주문상세정보';
COMMENT ON COLUMN TB_NON_PAYMENT.TOTAL_PAY IS '총결제금액';
COMMENT ON COLUMN TB_NON_PAYMENT.PAY_DATE IS '결제일';
------------------------------------------------------------------

-----------------------------키생성-------------------------------------
ALTER TABLE TB_SELLER ADD CONSTRAINT PK_TB_SELLER PRIMARY KEY (
	SEL_ID
);
ALTER TABLE TB_MEMBER ADD CONSTRAINT PK_TB_MEMBER PRIMARY KEY (
	MEM_ID
);
ALTER TABLE TB_INQUIRY ADD CONSTRAINT PK_TB_INQUIRY PRIMARY KEY (
	INQUIRY_ID
);
ALTER TABLE TB_REVIEW ADD CONSTRAINT PK_TB_REVIEW PRIMARY KEY (
	REVIEW_ID,
	P_ID
);
ALTER TABLE TB_MEM_INVOICE ADD CONSTRAINT PK_TB_MEM_INVOICE PRIMARY KEY (
	INVOICE_ID
);
ALTER TABLE TB_ADM_INQ ADD CONSTRAINT PK_TB_ADM_INQ PRIMARY KEY (
	ADM_INQ_NUMBER
);
ALTER TABLE TB_PRODUCT ADD CONSTRAINT PK_TB_PRODUCT PRIMARY KEY (
	P_ID
);
ALTER TABLE TB_MEM_PARCEL ADD CONSTRAINT PK_TB_MEM_PARCEL PRIMARY KEY (
	PARCEL_ID
);
ALTER TABLE TB_NON_MEMBER_ORDER ADD CONSTRAINT PK_TB_NON_MEMBER_ORDER PRIMARY KEY (
	ORD_ID
);
ALTER TABLE TB_NOTICE ADD CONSTRAINT PK_TB_NOTICE PRIMARY KEY (
	NOTICE_ID
);
ALTER TABLE TB_FAQ ADD CONSTRAINT PK_TB_FAQ PRIMARY KEY (
	FAQ_ID
);
ALTER TABLE TB_BANNER ADD CONSTRAINT PK_TB_BANNER PRIMARY KEY (
	BANNER_ID
);
ALTER TABLE TB_COUPON ADD CONSTRAINT PK_TB_COUPON PRIMARY KEY (
	COU_ID
);

ALTER TABLE TB_MEM_ORDER ADD CONSTRAINT PK_TB_MEM_ORDER PRIMARY KEY (
	ORD_ID,
	MEM_ID
);
ALTER TABLE TB_MEM_ORDER_DETAIL ADD CONSTRAINT PK_TB_MEM_ORDER_DETAIL PRIMARY KEY (
	OD_ID
);
ALTER TABLE TB_OWNED_COUPON ADD CONSTRAINT PK_TB_OWNED_COUPON PRIMARY KEY (
	MEM_ID,
	COU_ID
);
ALTER TABLE TB_VERIFICATION ADD CONSTRAINT PK_TB_VERIFICATION PRIMARY KEY (
	VERIF_ID,
	MEM_ID
);

ALTER TABLE TB_INQUIRY_PICTURE ADD CONSTRAINT PK_TB_INQUIRY_PICTURE PRIMARY KEY (
	INQUIRY_PICTURE_ID
);
ALTER TABLE TB_PRODUCT_IMG ADD CONSTRAINT PK_TB_PRODUCT_IMG PRIMARY KEY (
	P_ID
);
ALTER TABLE TB_1ST_OPTION ADD CONSTRAINT PK_TB_1ST_OPTION PRIMARY KEY (
	OPTION_ID
);
ALTER TABLE TB_DISCOUNT ADD CONSTRAINT PK_TB_DISCOUNT PRIMARY KEY (
	P_ID
);
ALTER TABLE TB_MEM_CARD ADD CONSTRAINT PK_TB_MEM_CARD PRIMARY KEY (
	OD_ID
);
ALTER TABLE TB_NON_MEMBER_ORDER_DETAIL ADD CONSTRAINT PK_TB_NON_MEMBER_ORDER_DETAIL PRIMARY KEY (
	OD_ID
);
ALTER TABLE TB_CART ADD CONSTRAINT PK_TB_CART PRIMARY KEY (
	MEM_ID,
	P_ID
);
ALTER TABLE TB_MEM_REFUND ADD CONSTRAINT PK_TB_MEM_REFUND PRIMARY KEY (
	OD_ID
);
ALTER TABLE TB_NON_REFUND ADD CONSTRAINT PK_TB_NON_REFUND PRIMARY KEY (
	OD_ID
);
ALTER TABLE TB_MEM_PAYMENT ADD CONSTRAINT PK_TB_MEM_PAYMENT PRIMARY KEY (
	PAY_ID,
	OD_ID
);
ALTER TABLE TB_REVIEW_LIKE ADD CONSTRAINT PK_TB_REVIEW_LIKE PRIMARY KEY (
	MEM_ID,
	REVIEW_ID
);
ALTER TABLE TB_NON_CARD ADD CONSTRAINT PK_TB_NON_CARD PRIMARY KEY (
	OD_ID
);
ALTER TABLE TB_BOOKMARK ADD CONSTRAINT PK_TB_BOOKMARK PRIMARY KEY (
	MEM_ID,
	SEL_ID
);
ALTER TABLE TB_WISHLIST ADD CONSTRAINT PK_TB_WISHLIST PRIMARY KEY (
	MEM_ID,
	P_ID
);
ALTER TABLE TB_CATEGORY ADD CONSTRAINT PK_TB_CATEGORY PRIMARY KEY (
	CATEGORY_SMALL
);
ALTER TABLE TB_PRODUCT_REPORT ADD CONSTRAINT PK_TB_PRODUCT_REPORT PRIMARY KEY (
	REPORT_ID
);
ALTER TABLE TB_NON_PARCEL ADD CONSTRAINT PK_TB_NON_PARCEL PRIMARY KEY (
	PARCEL_ID
);
ALTER TABLE TB_NON_INVOICE ADD CONSTRAINT PK_TB_NON_INVOICE PRIMARY KEY (
	INVOICE_ID
);
ALTER TABLE TB_2ND_OPTION ADD CONSTRAINT PK_TB_2ND_OPTION PRIMARY KEY (
	OPTION_CON,
	OPTION_2ND_ID
);
ALTER TABLE TB_NON_PAYMENT ADD CONSTRAINT PK_TB_NON_PAYMENT PRIMARY KEY (
	PAY_ID,
	OD_ID
);
ALTER TABLE TB_REVIEW_COMMENT ADD CONSTRAINT PK_TB_REVIEW_COMMENT PRIMARY KEY (
	COMMENT_NO
);

ALTER TABLE TB_REVIEW ADD CONSTRAINT FK_PRODUCT_REVIEW FOREIGN KEY (
	P_ID
)REFERENCES TB_PRODUCT (
	P_ID
);
ALTER TABLE TB_MEM_ORDER ADD CONSTRAINT FK_MEMBER_RDER FOREIGN KEY (
	MEM_ID
)REFERENCES TB_MEMBER (
	MEM_ID
);
ALTER TABLE TB_OWNED_COUPON ADD CONSTRAINT FK_MEMBER_OWNED_COUPON FOREIGN KEY (
	MEM_ID
)REFERENCES TB_MEMBER (
	MEM_ID
);
ALTER TABLE TB_OWNED_COUPON ADD CONSTRAINT FK_COUPON_OWNED_COUPON FOREIGN KEY (
	COU_ID
)REFERENCES TB_COUPON (
	COU_ID
);
ALTER TABLE TB_VERIFICATION ADD CONSTRAINT FK_MEMBER_VERIFICATION FOREIGN KEY (
	MEM_ID
)REFERENCES TB_MEMBER (
	MEM_ID
);
ALTER TABLE TB_SEARCH ADD CONSTRAINT FK_TB_MEMBER_TB_SEARCH FOREIGN KEY (
	MEM_ID
)REFERENCES TB_MEMBER (
	MEM_ID
);
ALTER TABLE TB_INQUIRY_PICTURE ADD CONSTRAINT FK_INQUIRY_PICTURE FOREIGN KEY (
	INQUIRY_PICTURE_ID
)REFERENCES TB_INQUIRY (
	INQUIRY_ID
);
ALTER TABLE TB_PRODUCT_IMG ADD CONSTRAINT FK_PRODUCT_PRODUCT_IMG FOREIGN KEY (
	P_ID
)REFERENCES TB_PRODUCT (
	P_ID
);
ALTER TABLE TB_DISCOUNT ADD CONSTRAINT FK_PRODUCT_TB_DISCOUNT FOREIGN KEY (
	P_ID
)REFERENCES TB_PRODUCT (
	P_ID
);
ALTER TABLE TB_MEM_CARD ADD CONSTRAINT FK_TB_DE_CARD FOREIGN KEY (
	OD_ID
)REFERENCES TB_MEM_ORDER_DETAIL (
	OD_ID
);
ALTER TABLE TB_CART ADD CONSTRAINT FK_TB_MEMBER_CART FOREIGN KEY (
	MEM_ID
)REFERENCES TB_MEMBER (
	MEM_ID
);
ALTER TABLE TB_CART ADD CONSTRAINT FK_TB_PRODUCT_CART FOREIGN KEY (
	P_ID
)REFERENCES TB_PRODUCT (
	P_ID
);
ALTER TABLE TB_MEM_REFUND ADD CONSTRAINT FK_MEM_ORDER_DETAIL_REFUND FOREIGN KEY (
	OD_ID
)REFERENCES TB_MEM_ORDER_DETAIL (
	OD_ID
);
ALTER TABLE TB_NON_REFUND ADD CONSTRAINT FK_NON_DETAIL_PAYMENT FOREIGN KEY (
	OD_ID
)REFERENCES TB_NON_MEMBER_ORDER_DETAIL (
	OD_ID
);
ALTER TABLE TB_MEM_PAYMENT ADD CONSTRAINT FK_MEM_DETAIL_PAYMENT FOREIGN KEY (
	OD_ID
)REFERENCES TB_MEM_ORDER_DETAIL (
	OD_ID
);
ALTER TABLE TB_REVIEW_LIKE ADD CONSTRAINT FK_TB_MEMBER_REVIEW_LIKE FOREIGN KEY (
	MEM_ID
)REFERENCES TB_MEMBER (
	MEM_ID
);
--ALTER TABLE TB_REVIEW_LIKE ADD CONSTRAINT FK_TB_REVIEW_LIKE_REVIEW  FOREIGN KEY (
--	REVIEW_ID
--)REFERENCES TB_REVIEW (
--	REVIEW_ID
--);
ALTER TABLE TB_NON_CARD ADD CONSTRAINT FK_TB_NON_DETAILCARD FOREIGN KEY (
	OD_ID
)REFERENCES TB_NON_MEMBER_ORDER_DETAIL (
	OD_ID
);
ALTER TABLE TB_BOOKMARK ADD CONSTRAINT FK_TB_MEMBER_TO_TB_BOOKMARK_1 FOREIGN KEY (
	MEM_ID
)REFERENCES TB_MEMBER (
	MEM_ID
);
ALTER TABLE TB_BOOKMARK ADD CONSTRAINT FK_TB_SEL_BOOKMARK FOREIGN KEY (
	SEL_ID
)REFERENCES TB_SELLER (
	SEL_ID
);
ALTER TABLE TB_WISHLIST ADD CONSTRAINT FK_TB_WISHLIST FOREIGN KEY (
	MEM_ID
)REFERENCES TB_MEMBER (
	MEM_ID
);
ALTER TABLE TB_WISHLIST ADD CONSTRAINT FK_TB_PRODUCT_WISHLIST FOREIGN KEY (
	P_ID
)REFERENCES TB_PRODUCT (
	P_ID
);
ALTER TABLE TB_2ND_OPTION ADD CONSTRAINT FK_TB_OPTION FOREIGN KEY (
	OPTION_2ND_ID
)REFERENCES TB_1ST_OPTION (
	OPTION_ID
);
ALTER TABLE TB_NON_PAYMENT ADD CONSTRAINT FK_DETAIL_PAYMENY FOREIGN KEY (
	OD_ID
)REFERENCES TB_NON_MEMBER_ORDER_DETAIL (
	OD_ID
);
--
--ALTER TABLE TB_SEARCH ADD CONSTRAINT FK_SEARCH_MEM FOREIGN KEY(
--    MEM_ID
--)REFERENCES TB_SEARCH(
--    MEM_ID
--);

--ALTER TABLE TB_REVIEW_COMMENT ADD CONSTRAINT FK_REVIEW_COMMENT_MESSAGE FOREGN KEY(
--    REVIEW_ID
--)REFERENCES TB_REVIEW(
--    REVIEW_ID
--);
-------------------------------------------------------------------------------



--SELLER01
INSERT INTO TB_SELLER 
            (
                SEL_ID 
               ,SEL_PW
               ,SEL_BUSINESS_NO
               ,SEL_STORE_NAME
               ,SEL_NAME
               ,SEL_EMAIL
               ,SEL_PHONE
               ,SEL_TEL
               ,SEL_FAX
               ,SEL_POSTAL
               ,SEL_STREET
               ,SEL_ADDRESS
               ,SEL_IMG
               ,SEL_STATUS
               ,SEL_ENROLL_DATE
            )
        VALUES
            (
             'SEL_FLO_01'
            ,'SEL_PW1'
            ,'798-45-10995'
            ,'KH꽃집'
            ,'송근욱'
            ,'sge123@gmail.com'
            ,'010-4514-3001'
            ,'031-320-1065'
            ,'02-106-3468'
            ,17825
            ,'경기도 평택시 은실고가길 175-11'
            ,'레몬하우스 305호'
            ,'semi\resources\SELLER01'
            ,'Y'
            ,SYSDATE
            );
            
--SELLER02
INSERT INTO TB_SELLER 
            (
                SEL_ID 
               ,SEL_PW
               ,SEL_BUSINESS_NO
               ,SEL_STORE_NAME
               ,SEL_NAME
               ,SEL_EMAIL
               ,SEL_PHONE
               ,SEL_TEL
               ,SEL_FAX
               ,SEL_POSTAL
               ,SEL_STREET
               ,SEL_ADDRESS
               ,SEL_IMG
               ,SEL_STATUS
               ,SEL_ENROLL_DATE
            )
        VALUES
            (
             'SEL_FLO_02'
            ,'SEL_PW2'
            ,'798-67-10345'
            ,'역삼꽃천국'
            ,'최요한'
            ,'johanchoi@gmail.com'
            ,'010-3672-3003'
            ,'02-320-1059'
            ,'02-103-1539'
            ,06220
            ,'서울 강남구 테헤란로 34길 6'
            ,'태광타워 904호'
            ,'semi\resources\SELLER02'
            ,'Y'
            ,SYSDATE
            );
            
            
--SELLER03
INSERT INTO TB_SELLER 
            (
                SEL_ID 
               ,SEL_PW
               ,SEL_BUSINESS_NO
               ,SEL_STORE_NAME
               ,SEL_NAME
               ,SEL_EMAIL
               ,SEL_PHONE
               ,SEL_TEL
               ,SEL_FAX
               ,SEL_POSTAL
               ,SEL_STREET
               ,SEL_ADDRESS
               ,SEL_IMG
               ,SEL_STATUS
               ,SEL_ENROLL_DATE
            )
        VALUES
            (
             'SEL_FLO_03'
            ,'SEL_PW3'
            ,'451-91-14525'
            ,'청년꽃집'
            ,'김광래'
            ,'lightcomes@gmail.com'
            ,'010-9131-0328'
            ,'031-320-0192'
            ,'02-103-0921'
            ,16704
            ,'경기 수원시 영통구 청명남로 25'
            ,'클래시아 501호'
            ,'semi\resources\SELLER03'
            ,'Y'
            ,SYSDATE
            );
            
            
--SELLER04
INSERT INTO TB_SELLER 
            (
                SEL_ID 
               ,SEL_PW
               ,SEL_BUSINESS_NO
               ,SEL_STORE_NAME
               ,SEL_NAME
               ,SEL_EMAIL
               ,SEL_PHONE
               ,SEL_TEL
               ,SEL_FAX
               ,SEL_POSTAL
               ,SEL_STREET
               ,SEL_ADDRESS
               ,SEL_IMG
               ,SEL_STATUS
               ,SEL_ENROLL_DATE
            )
        VALUES
            (
             'SEL_FLO_04'
            ,'SEL_PW4'
            ,'357-18-92606'
            ,'바른꽃집'
            ,'부기훈'
            ,'boogieonandon@gmail.com'
            ,'010-6149-9137'
            ,'02-320-0184'
            ,'02-163-5016'
            ,04048
            ,'서울 마포구 와우산로13길 49-10'
            ,'피카소빌딩 404호'
            ,'semi\resources\SELLER04'
            ,'Y'
            ,SYSDATE
            );
            
            
--SELLER05
INSERT INTO TB_SELLER 
            (
                SEL_ID 
               ,SEL_PW
               ,SEL_BUSINESS_NO
               ,SEL_STORE_NAME
               ,SEL_NAME
               ,SEL_EMAIL
               ,SEL_PHONE
               ,SEL_TEL
               ,SEL_FAX
               ,SEL_POSTAL
               ,SEL_STREET
               ,SEL_ADDRESS
               ,SEL_IMG
               ,SEL_STATUS
               ,SEL_ENROLL_DATE
            )
        VALUES
            (
             'SEL_FLO_05'
            ,'SEL_PW5'
            ,'337-19-26834'
            ,'꽃천지'
            ,'이기봉'
            ,'barefootbong@gmail.com'
            ,'010-2549-1379'
            ,'02-257-0151'
            ,'02-162-0194'
            ,16488
            ,'경기 수원시 팔달구 권광로196번길 17-5'
            ,'인계미루빌 901호'
            ,'semi\resources\SELLER05'
            ,'Y'
            ,SYSDATE
            );
            
--SELLER06
INSERT INTO TB_SELLER 
            (
                SEL_ID 
               ,SEL_PW
               ,SEL_BUSINESS_NO
               ,SEL_STORE_NAME
               ,SEL_NAME
               ,SEL_EMAIL
               ,SEL_PHONE
               ,SEL_TEL
               ,SEL_FAX
               ,SEL_POSTAL
               ,SEL_STREET
               ,SEL_ADDRESS
               ,SEL_IMG
               ,SEL_STATUS
               ,SEL_ENROLL_DATE
            )
        VALUES
            (
             'SEL_FLO_06'
            ,'SEL_PW6'
            ,'337-19-26834'
            ,'향기에취하다'
            ,'장영학'
            ,'hotspring@gmail.com'
            ,'010-2121-1780'
            ,'051-257-0451'
            ,'02-678-2965'
            ,46306
            ,'부산 금정구 오시게로 48-1'
            ,'늘푸른오피스텔 707호'
            ,'semi\resources\SELLER06'
            ,'Y'
            ,SYSDATE
            );
            

--SELLER07
INSERT INTO TB_SELLER 
            (
                SEL_ID 
               ,SEL_PW
               ,SEL_BUSINESS_NO
               ,SEL_STORE_NAME
               ,SEL_NAME
               ,SEL_EMAIL
               ,SEL_PHONE
               ,SEL_TEL
               ,SEL_FAX
               ,SEL_POSTAL
               ,SEL_STREET
               ,SEL_ADDRESS
               ,SEL_IMG
               ,SEL_STATUS
               ,SEL_ENROLL_DATE
            )
        VALUES
            (
             'SEL_FLO_07'
            ,'SEL_PW7'
            ,'194-19-29495'
            ,'꽃을java줘'
            ,'오정태'
            ,'ships@gmail.com'
            ,'010-1083-1774'
            ,'054-105-2949'
            ,'02-612-1977'
            ,51199
            ,'경남 창원시 의창구 의안로2번길 17-1'
            ,'청송상가 208호'
            ,'semi\resources\SELLER07'
            ,'Y'
            ,SYSDATE
            );
            
    
--SELLER08
INSERT INTO TB_SELLER 
            (
                SEL_ID 
               ,SEL_PW
               ,SEL_BUSINESS_NO
               ,SEL_STORE_NAME
               ,SEL_NAME
               ,SEL_EMAIL
               ,SEL_PHONE
               ,SEL_TEL
               ,SEL_FAX
               ,SEL_POSTAL
               ,SEL_STREET
               ,SEL_ADDRESS
               ,SEL_IMG
               ,SEL_STATUS
               ,SEL_ENROLL_DATE
            )
        VALUES
            (
             'SEL_FLO_08'
            ,'SEL_PW8'
            ,'193-92-01847'
            ,'천사네꽃집'
            ,'김성진'
            ,'twostar@gmail.com'
            ,'010-9171-0093'
            ,'054-184-0987'
            ,'02-243-2945'
            ,24885
            ,'강원 속초시 청호로1길 21-5'
            ,'자유빌딩 104호'
            ,'semi\resources\SELLER08'
            ,'Y'
            ,SYSDATE
            );
            
--SELLER09
INSERT INTO TB_SELLER 
            (
                SEL_ID 
               ,SEL_PW
               ,SEL_BUSINESS_NO
               ,SEL_STORE_NAME
               ,SEL_NAME
               ,SEL_EMAIL
               ,SEL_PHONE
               ,SEL_TEL
               ,SEL_FAX
               ,SEL_POSTAL
               ,SEL_STREET
               ,SEL_ADDRESS
               ,SEL_IMG
               ,SEL_STATUS
               ,SEL_ENROLL_DATE
            )
        VALUES
            (
             'SEL_FLO_9'
            ,'SEL_PW9'
            ,'294-91-23336'
            ,'아름다운꽃가게'
            ,'손성익'
            ,'cooktheflower@gmail.com'
            ,'010-3454-4532'
            ,'032-343-1994'
            ,'02-394-4939'
            ,28641
            ,'충북 청주시 흥덕구 충대로 1'
            ,'흥덕빌딩 112호'
            ,'semi\resources\SELLER09'
            ,'Y'
            ,SYSDATE
            );
            
            
--SELLER10
INSERT INTO TB_SELLER 
            (
                SEL_ID 
               ,SEL_PW
               ,SEL_BUSINESS_NO
               ,SEL_STORE_NAME
               ,SEL_NAME
               ,SEL_EMAIL
               ,SEL_PHONE
               ,SEL_TEL
               ,SEL_FAX
               ,SEL_POSTAL
               ,SEL_STREET
               ,SEL_ADDRESS
               ,SEL_IMG
               ,SEL_STATUS
               ,SEL_ENROLL_DATE
            )
        VALUES
            (
             'SEL_FLO_10'
            ,'SEL_PW10'
            ,'234-93-98132'
            ,'꽃을든개발자'
            ,'김한나'
            ,'nurse@gmail.com'
            ,'010-9834-0933'
            ,'067-923-9283'
            ,'02-092-9384'
            ,25518
            ,'강원 강릉시 하슬라로 40'
            ,'홍제타워 802호'
            ,'semi\resources\SELLER10'
            ,'Y'
            ,SYSDATE
            );
            

            


            
            
            
            
            
           
            
--ADM_INQ_01
INSERT INTO TB_ADM_INQ
            (
                ADM_INQ_NUMBER
               ,ADM_INQ_TYPE
               ,ADM_INQ_TITLE
               ,ADM_INQ_DETAIL
               ,ADM_INQ_ADD_DATE
               ,ADM_INQ_STATUS_YN
               ,SEL_ID
            )
        VALUES
            (
            SEQ_ADM_INQ.NEXTVAL,
            1
            ,'리뷰삭제에 대해 문의드립니다.'
            ,'저희 가게에 달린 리뷰를 삭제하고 싶은데 어떻게 하나요?'
            ,'2023-01-01'
            ,'Y'
            ,'SEL_FLO_01'
            );


--ADM_INQ_02
INSERT INTO TB_ADM_INQ
            (
                ADM_INQ_NUMBER
               ,ADM_INQ_TYPE
               ,ADM_INQ_TITLE
               ,ADM_INQ_DETAIL
               ,ADM_INQ_ADD_DATE
               ,ADM_INQ_STATUS_YN
               ,SEL_ID
            )
        VALUES
            (
            SEQ_ADM_INQ.NEXTVAL,
            1
            ,'리뷰삭제는 어떻게 합니까,,? 저희 가게에,,안좋은 댓글이 달렸읍니다,,'
            ,'누가 저희 가게에서 시킨 꽃이 마음에 안든다고 악플을 달았읍니다,,
            신뢰와 정직으로 한자리에서 30년간 장사해 왔읍니다,,
            리뷰좀 삭제해주십시오,,'
            ,'2023-01-04'
            ,'Y'
            ,'SEL_FLO_02'
            );
            
--ADM_INQ_03
INSERT INTO TB_ADM_INQ
            (
                ADM_INQ_NUMBER
               ,ADM_INQ_TYPE
               ,ADM_INQ_TITLE
               ,ADM_INQ_DETAIL
               ,ADM_INQ_ADD_DATE
               ,ADM_INQ_STATUS_YN
               ,SEL_ID
            )
        VALUES
            (
            SEQ_ADM_INQ.NEXTVAL,
            1
            ,'리뷰삭제좀 해주세요! 빨리요!'
            ,'제곧내'
            ,'2023-01-07'
            ,'Y'
            ,'SEL_FLO_03'
            );
            

--ADM_INQ_04
INSERT INTO TB_ADM_INQ
            (
                ADM_INQ_NUMBER
               ,ADM_INQ_TYPE
               ,ADM_INQ_TITLE
               ,ADM_INQ_DETAIL
               ,ADM_INQ_ADD_DATE
               ,ADM_INQ_STATUS_YN
               ,SEL_ID
            )
        VALUES
            (
            SEQ_ADM_INQ.NEXTVAL,
            1
            ,'리뷰삭제 어떻게 해여?'
            ,'삭제하고 싶은 리뷰가 달렸는데 어떻게 삭제하는지 모르겠어여~!
            리뷰삭제 어떻게 하는지좀 알려주세여~~^^'
            ,'2023-01-11'
            ,'Y'
            ,'SEL_FLO_04'
            );
            
--ADM_INQ_05
INSERT INTO TB_ADM_INQ
            (
                ADM_INQ_NUMBER
               ,ADM_INQ_TYPE
               ,ADM_INQ_TITLE
               ,ADM_INQ_DETAIL
               ,ADM_INQ_ADD_DATE
               ,ADM_INQ_STATUS_YN
               ,SEL_ID
            )
        VALUES
            (
            SEQ_ADM_INQ.NEXTVAL,
            1
            ,'리뷰삭제 부탁드립니다.'
            ,'금일 오후 14시27분경 저희가게 상품에 악플이 달렸습니다.
            이 댓글을 삭제하고자 하오니 이 댓글을 삭제부탁드립니다.
            좋은하루 되십시오. 
            -꽃천지 주인장 백-'
            ,'023-01-13'
            ,'Y'
            ,'SEL_FLO_05'
            );
            

--ADM_INQ_06
INSERT INTO TB_ADM_INQ
            (
                ADM_INQ_NUMBER
               ,ADM_INQ_TYPE
               ,ADM_INQ_TITLE
               ,ADM_INQ_DETAIL
               ,ADM_INQ_ADD_DATE
               ,ADM_INQ_STATUS_YN
               ,SEL_ID
            )
        VALUES
            (
            SEQ_ADM_INQ.NEXTVAL,
            2
            ,'상품등록은 어떻게 하나요?'
            ,'상품등록 하고 싶은데 방법을 모르겠네요.'
            ,'2023-01-16'
            ,'N'
            ,'SEL_FLO_06'
            );
            
            
--ADM_INQ_07
INSERT INTO TB_ADM_INQ
            (
                ADM_INQ_NUMBER
               ,ADM_INQ_TYPE
               ,ADM_INQ_TITLE
               ,ADM_INQ_DETAIL
               ,ADM_INQ_ADD_DATE
               ,ADM_INQ_STATUS_YN
               ,SEL_ID
            )
        VALUES
            (
            SEQ_ADM_INQ.NEXTVAL,
            2
            ,'상품등록 부탁드립니다!'
            ,'상품등록 오늘내로 빨리 해야합니다!
            상품등록 부탁드려요!'
            ,'2023-01-17'
            ,'N'
            ,'SEL_FLO_07'
            );
            
--ADM_INQ_08
INSERT INTO TB_ADM_INQ
            (
                ADM_INQ_NUMBER
               ,ADM_INQ_TYPE
               ,ADM_INQ_TITLE
               ,ADM_INQ_DETAIL
               ,ADM_INQ_ADD_DATE
               ,ADM_INQ_STATUS_YN
               ,SEL_ID
            )
        VALUES
            (
            SEQ_ADM_INQ.NEXTVAL,
            2
            ,'상품등록이 안돼요.'
            ,'상품등록이 잘 되다가 갑자기 안되네요? 분명 어제까지는 됐었는데..
            금일 오후 17시까지 상품등록을 급히 해야하는 상품이 있습니다.
            빠른 답변 부탁드립니다.'
            ,'2023-01-20'
            ,'N'
            ,'SEL_FLO_08'
            );
            
            
--ADM_INQ_09
INSERT INTO TB_ADM_INQ
            (
                ADM_INQ_NUMBER
               ,ADM_INQ_TYPE
               ,ADM_INQ_TITLE
               ,ADM_INQ_DETAIL
               ,ADM_INQ_ADD_DATE
               ,ADM_INQ_STATUS_YN
               ,SEL_ID
            )
        VALUES
            (
            SEQ_ADM_INQ.NEXTVAL,
            3
            ,'왜 배송도 안오고 판매자도 연락이 안되나요?'
            ,'1/28에 주문한 꽃이 아직도 안오고 있습니다. 판매자도 연락이 안됩니다.
            어떻게 된건가요..?'
            ,'2023-01-31'
            ,'N'
            ,'SEL_FLO_09'
            );
            
--ADM_INQ_10
INSERT INTO TB_ADM_INQ
            (
                ADM_INQ_NUMBER
               ,ADM_INQ_TYPE
               ,ADM_INQ_TITLE
               ,ADM_INQ_DETAIL
               ,ADM_INQ_ADD_DATE
               ,ADM_INQ_STATUS_YN
               ,SEL_ID
            )
        VALUES
            (
            SEQ_ADM_INQ.NEXTVAL,
            3
            ,'사업자등록이 없는데 판매자로 등록해 꽃을 판매 할 수는 없을까요?'
            ,'집에서 취미로 꽃을 키우는데 이 사이트에서 꽃을 판매하고 싶습니다.
            사업자 등록은 안했고 할 생각도 없습니다.
            어떻게 하면 될까요?'
            ,'2023-02-03'
            ,'N'
            ,'SEL_FLO_10'
            );

            
 INSERT
 INTO TB_PRODUCT
    (
        P_ID
      , P_NAME
      , P_NETPRICE
      , P_DETAIL
      , P_STOCK
      , P_ENROLL_DATE
      , P_RETURN_YN
      , P_TAG_YN
      , SAL_ID
      , CATEGORY_SMALL
    )
VALUES
    ( 
        SEQ_PRODUCT.NEXTVAL
      , '비누꽃 꽃바구니 부모님 선물 어버이날 환갑 칠순선물'
      , 28000
      , '손을 씻는
        세척용 미용비누가 아닌 관상용으로 제작이
        되어 생화와 비슷한 퀄리티의 고급 비누꽃입니다.
        생화는 3~4일만 예쁘고 금방 시들어버려서
        속상하고 아쉽지만 비누꽃은 오래 두고 볼 수 있어
        요즘 생화보다 많이들 찾고 계십니다!!
        
        
        ? 어버이날 비누꽃 꽃바구니 ?
        
        특별한날 좋은선물을 원하신다면 꽃바구니 어떠신가요~?
        시들지 않는 꽃으로 하루하루 아름다움을 만나보세요 ??
        
        연화담플라워의 꽃바구니는 어느쪽에서 봐도 예쁘게
        앞면 뒷면 양쪽 다 꼼꼼하게 제작합니다.'
      , 53
      , '2022-11-26'
      , 'N'
      , 'N'
      , 'SEL_FLO_01'
      , '꽃바구니'
    );

INSERT
 INTO TB_PRODUCT
    (
        P_ID
      , P_NAME
      , P_NETPRICE
      , P_DETAIL
      , P_STOCK
      , P_ENROLL_DATE
      , P_RETURN_YN
      , P_TAG_YN
      , SAL_ID
      , CATEGORY_SMALL
    )
VALUES
    ( 
        SEQ_PRODUCT.NEXTVAL
      , '찐보라 작약 장미 믹스 바구니'
      , 41000
      , '?찐보라 작약 장미 믹스 바구니?
        
        
        
        
        보라보라한 꽃들을 가득 담았습니다:)
        찐보라 작약과 다양한 보라 색감의 장미들,
        튤립과 라벤더, 소국,
        프리저브드 소재들 등
        
        
        다양한 꽃들을 가득가득 담아
        사랑스러운 꽃바구니를 디자인하였습니다.
        
        
        유니크한 사랑스러움을 가득 담은
        특별한, 꽃바구니입니다. ?
        
        
        용돈봉투 함께 드려요:)'
      , 75
      , '2022-12-26'
      , 'Y'
      , 'Y'
      , 'SEL_FLO_02'
      , '꽃바구니'
    );

INSERT
 INTO TB_PRODUCT
    (
        P_ID
      , P_NAME
      , P_NETPRICE
      , P_DETAIL
      , P_STOCK
      , P_ENROLL_DATE
      , P_RETURN_YN
      , P_TAG_YN
      , SAL_ID
      , CATEGORY_SMALL
    )
VALUES
    ( 
        SEQ_PRODUCT.NEXTVAL
      , '내츄럴 장미꽃바구니 선물(시들지않는 프리저브드)'
      , 59000
      , '?시들지않는 프리저브드 꽃소재를 사용한
        꽃바구니작품입니다
        화사한 장미꽃과
        어울리는 컬러의 꽃소재를 사용하여
        볼륨감있게 만든 화사한 꽃바구니입니다
        
        ?장미꽃바구니는 단체선물로도
        가장 많이 사랑받는 작품으로
        VIP 고객 생일꽃선물, 입사축하선물
        생일이나 결혼기념일 선물로도 많이 선택받고 있습니다
        
        ?부모님이나 감사의 꽃바구니 선물로도
        가장 많이 추천해드리고 있습니다
        
        꽃바구니 작품은 고급스러운 투명 플라스틱케이스에
        리본 포장해서 안전하게 보내드리고 있습니다'
      , 33
      , '2023-01-14'
      , 'Y'
      , 'N'
      , 'SEL_FLO_03'
      , '꽃바구니'
    );

INSERT
 INTO TB_PRODUCT
    (
        P_ID
      , P_NAME
      , P_NETPRICE
      , P_DETAIL
      , P_STOCK
      , P_ENROLL_DATE
      , P_RETURN_YN
      , P_TAG_YN
      , SAL_ID
      , CATEGORY_SMALL
    )
VALUES
    ( 
        SEQ_PRODUCT.NEXTVAL
      , '거베라 꽃풍선 생일 생신 환갑 칠순 비누꽃 승진 영전'
      , 44000
      , '소중한날이 없는날이 있을까요?
        소중함에 특별함을 더할 꽃풍선 선물은 어떠신가요?
        더할 나위없이 행복해지실거예요 :)
        
        거베라 꽃이 메인이 되고
        여러 실크플라워(조화)을 이용해 만든 꽃풍선이예요.
        4가지 컬러로 되었으니 선택해주시면
        이쁘게 만들어 드릴께요?!
        믹스되는 서브꽃들은 시장상황에따라 달라질 수 있어요 :)
        저희 쿼츠벌룬은 최대한 풍성하게
        꽃을 넣어 제작하고 있습니다.
        
        메시지픽을 이용해 전하고 싶은 말씀을 전해보세요?'
      , 33
      , '2023-01-28'
      , 'N'
      , 'Y'
      , 'SEL_FLO_04'
      , '꽃바구니'
    );
    
INSERT
 INTO TB_PRODUCT
    (
        P_ID
      , P_NAME
      , P_NETPRICE
      , P_DETAIL
      , P_STOCK
      , P_ENROLL_DATE
      , P_RETURN_YN
      , P_TAG_YN
      , SAL_ID
      , CATEGORY_SMALL
    )
VALUES
    ( 
        SEQ_PRODUCT.NEXTVAL
      , '행운을 부르는 부엉이 가족 둥지 꽃 바구니'
      , 45000
      , '? 프리저브드 플라워란 ?
        생화가 가장 아름다울 때 특수 보존 용액을 입혀
        3년이상 그 아름다움을 보존할 수 있도록 한 특별한 꽃이랍니다.
        
        
        비누꽃, 인조꽃이 전혀 들어가지 않은
        ?100% 오리지널 프리저브드 꽃 바구니?
        
        
        지혜의 여신 아테네가 사랑한 동물¸ 부엉이 ?
        
        
        부명예 그리고 행운을 의미하는 동물로
        집들이 혹은 개업하시는 분께
        
        특별하고 의미있는 선물이 될
        부엉이 가족 꽃 바구니입니다
        
        
        ?부엉이는 같은 방향으로¸ 짝수로 두면?
        그 의미가 배가 되어 더 좋다고 해요.
        
        
        아기자기한 디자인과 색감에
        인테리어 소품으로도 좋으며??
        
        바닥에는 벌레 퇴치·가습·공기정화에 유용한?
        천연이끼를 가득 깔아드리니 기능적으로도 참 좋겠죠?
        
        
        부모님 그리고 개업하시는 분들께
        행운을 몰고 오는 부엉이??
        프리저브드 꽃 바구니를 선물해보세요.'
      , 33
      , '2023-02-05'
      , 'Y'
      , 'Y'
      , 'SEL_FLO_05'
      , '꽃바구니'
    );
    
INSERT
 INTO TB_PRODUCT
    (
        P_ID
      , P_NAME
      , P_NETPRICE
      , P_DETAIL
      , P_STOCK
      , P_ENROLL_DATE
      , P_RETURN_YN
      , P_TAG_YN
      , SAL_ID
      , CATEGORY_SMALL
    )
VALUES
    ( 
        SEQ_PRODUCT.NEXTVAL
      , '고급스러움이 달라 라인장미 열송이 프리저브드플라워믹스'
      , 29000
      , '고급의 끝판왕 유니크한 비누꽃장미 열송이 풍성한 꽃다발

        요즘 유행하는 일명 샤넬라인장미 비누꽃으로 준비해보았습니다.
        샤넬장미 열송이와 프리저브드 유칼립투스와
        냉이초로 고급스러움을 더했어요
        ?유칼립투스는 수급에 따라 동그란 블랙잭 이나 길쭉한 구니 랜덤으로 제작되어요
        
        존경, 감사와 사랑을 의미하는 하얀장미
        시간이 지나도 변하지 않는 색감과 향긋한 향기가 머물러있는 비누꽃입니다.
        
        오래토록 간직하며 인테리어 소품으로 활용.
        감동을 선물해주세요.
        
        라인장미는 하얀 비누꽃에 수작업으로 검은 라인을 그려 만든것으로 하얀 꽃송이에
        검은 펜자국이 자연스럽게 물들어 나옵니다. 옆에 있는 장미와 부딪혀 검은 이염이 생기기도 합니다.
        이점은 모든 라인비누꽃에서 나타나는 현상으로 교환이나 환불의 사유가 되지 못하는점
        양해해 주시고 신중구매 부탁드립니다.'
      , 88
      , '2023-02-01'
      , 'N'
      , 'N'
      , 'SEL_FLO_01'
      , '꽃다발'
    );
    
INSERT
 INTO TB_PRODUCT
    (
        P_ID
      , P_NAME
      , P_NETPRICE
      , P_DETAIL
      , P_STOCK
      , P_ENROLL_DATE
      , P_RETURN_YN
      , P_TAG_YN
      , SAL_ID
      , CATEGORY_SMALL
    )
VALUES
    ( 
        SEQ_PRODUCT.NEXTVAL
      , '생화 안개꽃다발(스크류바)'
      , 19000
      , '?생화 안개꽃다발(스크류바)


        생화 컬러안개꽃다발이예요
        
        스크류바 색상입니다
        스크류바의 겉면 레드 톤의 핑크
        또는
        스크류바의 안쪽면의 연한 파스텔핑크
        
        두가지중 랜덤으로 가지만
        진짜 둘다 너므 예뻐요
        
        
        딱 원하시는 색감이 있으시면 요청사항에 적어주세요~
        
        
        
        
        조금 더 크게 풍성하게 원하시는분들
        2개수량 지정 후 옵션체크해주세요^^
        없을시 하나씩 작업해 보내드려용♡
        
        가격또한 착해서 주변사람들에게
        가벼운마음으로 선물도 좋아요
        나에게 선물하면 기분전환으로도 최고♡
        
        
        안개꽃다발은 추후 예쁘게 드라이도 된답니다
        쉽게 드라이플라워가능?
        
        
        그리고 뜬금없는 꽃선물은 로맨틱이죠?
        
        
        
        
        염색하는과정이 필요한꽃입니다
        2~3일전 예약 주문주시면 더욱더 예쁘게 해드립니다^^'
      , 12
      , '2022-11-15'
      , 'N'
      , 'Y'
      , 'SEL_FLO_02'
      , '꽃다발'
    );
    
INSERT
 INTO TB_PRODUCT
    (
        P_ID
      , P_NAME
      , P_NETPRICE
      , P_DETAIL
      , P_STOCK
      , P_ENROLL_DATE
      , P_RETURN_YN
      , P_TAG_YN
      , SAL_ID
      , CATEGORY_SMALL
    )
VALUES
    ( 
        SEQ_PRODUCT.NEXTVAL
      , '토끼 퐁퐁이 꽃다발'
      , 18000
      , '[I hope your life will bloom like a flower.]
        
        꽃처럼 당신의 삶이 활짝 피길 바라요.
        ________
        
        ??N O T I C E
        
        비누 퐁퐁국화와 라그라스로 토끼얼굴을 만들고,
        여러 색상의 자나장미와 목화를 넣어
        퐁실퐁실하게 포장해봤어요
        
        토끼는 눈사람으로 변경 가능합니다!
        *눈사람은 퐁퐁국화 한개가 더 들어가고,
        손이 훨씬 더 많이 가기 때문에
        추가 요금이 있습니다:-)
        
        하나하나 전부 수작업이라 많은 시간이 소요돼요
        (퐁퐁도 다른 비누꽃에 비해 고가라
        계산해보니 최저시급 겨우 나올 정도?)
        하지만 결과가 넘넘넘 예뻐서
        꼭 저렴한 가격으로 보여드리고 싶었어요
        
        흔한 디자인이 아니라
        더더욱 추천드립니다 :)
        
        비누꽃이라 시들지 않고 오래 보실 수 있어요
        
        바쁨에 잊고있었지만
        주변의 소중한 사람에게
        마음을 선물해보세요*.*
        
        ??수작업이라 예시 사진과 모양이 조금씩 다를 수 있습니다
        
        ??비누로 사용할 수 없는 관상용 비누꽃입니다'
      , 64
      , '2022-12-25'
      , 'Y'
      , 'N'
      , 'SEL_FLO_03'
      , '꽃다발'
    );

INSERT
 INTO TB_PRODUCT
    (
        P_ID
      , P_NAME
      , P_NETPRICE
      , P_DETAIL
      , P_STOCK
      , P_ENROLL_DATE
      , P_RETURN_YN
      , P_TAG_YN
      , SAL_ID
      , CATEGORY_SMALL
    )
VALUES
    ( 
        SEQ_PRODUCT.NEXTVAL
      , '귀염뽀짝 스마일인형 미니꽃다발 졸업식 발렌타인데이'
      , 8800
      , '?베스트 오브 베스트셀러!?
        
        오픈과 동시에 많은 사랑을 받고있는
        플래니크의 귀염뽀짝시리즈 끝판왕!
        아이디어스에서만 9200분 판매 돌파했어요!
        넘쳐나는 칭찬 후기들 하나하나 소중히 읽고있고요♥
        늘 감사하며 정성껏 만들어 보내드리고 있습니다♥
        
        
        
        ?옵션 추가?
        
        -리본화환
        한줄당 10자 이내의 자유문구,
        주문시 요청사항에 문구를 적어주세요!
        
        -사탕
        츄파츕스(맛랜덤)
        
        -킨더조이
        남아/여아 중 선택 가능
        
        
        
        ?여러개를 합쳐서 포장 가능해요!?
        
        네번째 사진과 같이 꽃다발 여러개를 합쳐서 포장도 가능합니다!
        원하는 수량 구매시 요청사항에 적어주시거나
        메시지로 언제든 연락주세요♥♥
        
        
        -
        
        스마일 꽃 인형은 따로 빼서
        아이들 장난감으로도 쓸 수 있고,
        꽃대가 철사로 되어있어서
        마음대로 구부려 데코용으로도
        쓰실 수 있어요!'
      , 33
      , '2022-10-10'
      , 'Y'
      , 'Y'
      , 'SEL_FLO_04'
      , '꽃다발'
    );
    
INSERT
 INTO TB_PRODUCT
    (
        P_ID
      , P_NAME
      , P_NETPRICE
      , P_DETAIL
      , P_STOCK
      , P_ENROLL_DATE
      , P_RETURN_YN
      , P_TAG_YN
      , SAL_ID
      , CATEGORY_SMALL
    )
VALUES
    ( 
        SEQ_PRODUCT.NEXTVAL
      , '졸업식꽃다발 후기인증 한예슬장미 생화 오로라장미'
      , 13900
      , '?취향저격 오묘한색상을 가진 오로라장미?
        
        
        연달아 인스타 매체에 소개되며
        인기가 급상승했는데
        배우 한예슬님께서 받은 꽃다발로
        더욱 더 유명해졌네요?
        
        해시태그 #오로라장미
        #오로라장미는큐리플라워 를 검색해보세요?
        
        이 장미를 구하기가 힘들어요
        하지만 오로라장미를 처음 만들어낸 큐플은
        예약만해주시면 가능합니다
        오로라장미를 다이렉트로 받고있어요
        
        ?
        
        핑크보라톤블루톤이 둘러싸인
        영롱한 장미예요
        큐플에서 디자인을 의뢰하여
        정식으로 수입받은 장미랍니다 ?
        
        이름도 큐플에서 네이밍한 "오로라장미"
        요즘 인싸장미예요?
        
        
        영롱하고 그림같고 예뻐요
        이런장미도 있다니 하실거예요
        수입 특성상 장미얼굴이 큰편이라
        한송이도 참 예쁘구요!
        
        수작업으로 이루어지다보니
        컬러톤 차이는 있을수 있습니다
        
        기본은 화이트장미에 틴티드작업을 하는 장미입니다'
      , 123
      , '2022-09-17'
      , 'N'
      , 'N'
      , 'SEL_FLO_05'
      , '꽃다발'
    );
    
INSERT
 INTO TB_PRODUCT
    (
        P_ID
      , P_NAME
      , P_NETPRICE
      , P_DETAIL
      , P_STOCK
      , P_ENROLL_DATE
      , P_RETURN_YN
      , P_TAG_YN
      , SAL_ID
      , CATEGORY_SMALL
    )
VALUES
    ( 
        SEQ_PRODUCT.NEXTVAL
      , 'VIP 명품화환'
      , 100000
      , '◈ 해당상품은 전국 현지 화환전문 가맹점에서 직접배송되며, 직접 참석하여 축하드리지 못한 아쉬움을 배송사진을 통해 확인하시기 바랍니다.
        (축하화환의 주소재로 쓰이는 거베라 꽃의 가격상승으로 거베라 조화꽃이 함께 사용될 수 있으며, 계절이나 지역특성에 따라 소재는 변경될수 있습니다.)
        
        ◈ 결혼식 / 회갑,칠순,팔순 / 개업식 / 세미나 / 준공식 / 모델하우스오픈 / 기념회 / 전시회 / 이전확장개업 / 각종 행사모임에 적합 합니다.
        
        ◈ 상품크기 : 약 2M이상
        
        ◈ 상품특징 : 축하화환은 각종 행사장을 화려하고 아름답게 빛내는 주인공입니다. 싱싱하고 화려한 꽃소재를 사용함으로 보내는분의 정성과 여러 하객들에게 기쁨과 격조를 선사합니다.'
      , 219
      , '2022-09-27'
      , 'N'
      , 'Y'
      , 'SEL_FLO_01'
      , '축하화환'
    );
    
INSERT
 INTO TB_PRODUCT
    (
        P_ID
      , P_NAME
      , P_NETPRICE
      , P_DETAIL
      , P_STOCK
      , P_ENROLL_DATE
      , P_RETURN_YN
      , P_TAG_YN
      , SAL_ID
      , CATEGORY_SMALL
    )
VALUES
    ( 
        SEQ_PRODUCT.NEXTVAL
      , '축하화환명품'
      , 90000
      , '◈ 해당상품은 전국 현지 화환전문 가맹점에서 직접배송되며, 직접 참석하여 축하드리지 못한 아쉬움을 배송사진을 통해 확인하시기 바랍니다.
        (축하화환의 주소재로 쓰이는 거베라 꽃의 가격상승으로 거베라 조화꽃이 함께 사용될 수 있으며, 계절이나 지역특성에 따라 소재는 변경될수 있습니다.)
        
        ◈ 결혼식 / 회갑,칠순,팔순 / 개업식 / 세미나 / 준공식 / 모델하우스오픈 / 기념회 / 전시회 / 이전확장개업 / 각종 행사모임에 적합 합니다.
        
        ◈ 상품크기 : 약 2M이상
        
        ◈ 상품특징 : 축하화환은 각종 행사장을 화려하고 아름답게 빛내는 주인공입니다. 싱싱하고 화려한 꽃소재를 사용함으로 보내는분의 정성과 여러 하객들에게 기쁨과 격조를 선사합니다.'
      , 310
      , '2022-12-07'
      , 'Y'
      , 'N'
      , 'SEL_FLO_02'
      , '축하화환'
    );

INSERT
 INTO TB_PRODUCT
    (
        P_ID
      , P_NAME
      , P_NETPRICE
      , P_DETAIL
      , P_STOCK
      , P_ENROLL_DATE
      , P_RETURN_YN
      , P_TAG_YN
      , SAL_ID
      , CATEGORY_SMALL
    )
VALUES
    ( 
        SEQ_PRODUCT.NEXTVAL
      , '축하3단'
      , 79000
      , '◈ 해당상품은 전국 현지 화환전문 가맹점에서 직접배송되며, 직접 참석하여 축하드리지 못한 아쉬움을 배송사진을 통해 확인하시기 바랍니다.
        (축하화환의 주소재로 쓰이는 거베라 꽃의 가격상승으로 거베라 조화꽃이 함께 사용될 수 있으며, 계절이나 지역특성에 따라 소재는 변경될수 있습니다.)
        
        ◈ 결혼식 / 회갑,칠순,팔순 / 개업식 / 세미나 / 준공식 / 모델하우스오픈 / 기념회 / 전시회 / 이전확장개업 / 각종 행사모임에 적합 합니다.
        
        ◈ 상품크기 : 약 2M이상
        
        ◈ 상품특징 : 축하화환은 각종 행사장을 화려하고 아름답게 빛내는 주인공입니다. 싱싱하고 화려한 꽃소재를 사용함으로 보내는분의 정성과 여러 하객들에게 기쁨과 격조를 선사합니다.'
      , 187
      , '2022-11-27'
      , 'Y'
      , 'Y'
      , 'SEL_FLO_03'
      , '축하화환'
    );
    
INSERT
 INTO TB_PRODUCT
    (
        P_ID
      , P_NAME
      , P_NETPRICE
      , P_DETAIL
      , P_STOCK
      , P_ENROLL_DATE
      , P_RETURN_YN
      , P_TAG_YN
      , SAL_ID
      , CATEGORY_SMALL
    )
VALUES
    ( 
        SEQ_PRODUCT.NEXTVAL
      , 'VIP특급화환'
      , 135000
      , '◈ 해당상품은 전국 현지 화환전문 가맹점에서 직접배송되며, 직접 참석하여 축하드리지 못한 아쉬움을 배송사진을 통해 확인하시기 바랍니다.
        (축하화환의 주소재로 쓰이는 거베라 꽃의 가격상승으로 거베라 조화꽃이 함께 사용될 수 있으며, 계절이나 지역특성에 따라 소재는 변경될수 있습니다.)
        
        ◈ 결혼식 / 회갑,칠순,팔순 / 개업식 / 세미나 / 준공식 / 모델하우스오픈 / 기념회 / 전시회 / 이전확장개업 / 각종 행사모임에 적합 합니다.
        
        ◈ 상품크기 : 약 2M이상
        
        ◈ 상품특징 : 축하화환은 각종 행사장을 화려하고 아름답게 빛내는 주인공입니다. 싱싱하고 화려한 꽃소재를 사용함으로 보내는분의 정성과 여러 하객들에게 기쁨과 격조를 선사합니다.'
      , 145
      , '2022-08-15'
      , 'N'
      , 'N'
      , 'SEL_FLO_04'
      , '축하화환'
    );

INSERT
 INTO TB_PRODUCT
    (
        P_ID
      , P_NAME
      , P_NETPRICE
      , P_DETAIL
      , P_STOCK
      , P_ENROLL_DATE
      , P_RETURN_YN
      , P_TAG_YN
      , SAL_ID
      , CATEGORY_SMALL
    )
VALUES
    ( 
        SEQ_PRODUCT.NEXTVAL
      , '축하화환101'
      , 90000
      , '◈ 해당상품은 전국 현지 화환전문 가맹점에서 직접배송되며, 직접 참석하여 축하드리지 못한 아쉬움을 배송사진을 통해 확인하시기 바랍니다.
        (축하화환의 주소재로 쓰이는 거베라 꽃의 가격상승으로 거베라 조화꽃이 함께 사용될 수 있으며, 계절이나 지역특성에 따라 소재는 변경될수 있습니다.)
        
        ◈ 결혼식 / 회갑,칠순,팔순 / 개업식 / 세미나 / 준공식 / 모델하우스오픈 / 기념회 / 전시회 / 이전확장개업 / 각종 행사모임에 적합 합니다.
        
        ◈ 상품크기 : 약 2M이상
        
        ◈ 상품특징 : 축하화환은 각종 행사장을 화려하고 아름답게 빛내는 주인공입니다. 싱싱하고 화려한 꽃소재를 사용함으로 보내는분의 정성과 여러 하객들에게 기쁨과 격조를 선사합니다.'
      , 184
      , '2022-08-07'
      , 'N'
      , 'Y'
      , 'SEL_FLO_05'
      , '축하화환'
    );
    
INSERT
 INTO TB_PRODUCT
    (
        P_ID
      , P_NAME
      , P_NETPRICE
      , P_DETAIL
      , P_STOCK
      , P_ENROLL_DATE
      , P_RETURN_YN
      , P_TAG_YN
      , SAL_ID
      , CATEGORY_SMALL
    )
VALUES
    ( 
        SEQ_PRODUCT.NEXTVAL
      , '애도근조화환'
      , 90000
      , '▶◀ 삼가 고인의 명복을 빕니다. ▶◀

        ◈ 하프플라워에서는 싱싱한 생화만을 사용하며, 주문해 주신 상품은 전국 현지 화환전문가맹점에서 직접배송처리해 드립니다.
        
        ◈ 부득이하게 문상을 못가시더라도 실제배송된 상품사진을 고객님께서 직접 확인하실 수 있습니다.
        
        ◈ 상품 크기 : 2M이상
        ◈ 배송 방법 : 장례식장이나 추모장에서 제일 가까운 지점에서 직접배송
        ◈ 배송 형태 : 컴퓨터 리본문구포함 및 부조금전달
        ◈ 상품 특징 : 부의, 추모, 추도, 장례식장, 영결식장등 근조3단형으로 고귀한신 분의 애도화환 상품입니다.
        ◈ 대중소차이 : 국화품질이나 국화송이수의 차이를 말합니다.
        
        ◈ 상품 소재 : 추모, 부의 등 숙연한 분위기에 맞는 국화, 백합, 글라디올라스,극낙조 및 계절소재 등으로 만들어집니다. 고인에 대한 보내는 분의 애도의 마음을 담아 정성껏 제작 배송해 드립니다.
        
        ◈ 주의 사항 : 지역에 따라 상품의 제작스타일이 약간씩 상이할 수 있으며, 일부 군소단위는 상품의 물류배송에 어려움이 있으므로 배송이 안되는 지역도 있을 수 있습니다.'
      , 200
      , '2022-08-11'
      , 'Y'
      , 'N'
      , 'SEL_FLO_01'
      , '근조화환'
    );
    
INSERT
 INTO TB_PRODUCT
    (
        P_ID
      , P_NAME
      , P_NETPRICE
      , P_DETAIL
      , P_STOCK
      , P_ENROLL_DATE
      , P_RETURN_YN
      , P_TAG_YN
      , SAL_ID
      , CATEGORY_SMALL
    )
VALUES
    ( 
        SEQ_PRODUCT.NEXTVAL
      , '상가집 근조화환'
      , 120000
      , '▶◀ 삼가 고인의 명복을 빕니다. ▶◀

        ◈ 하프플라워에서는 싱싱한 생화만을 사용하며, 주문해 주신 상품은 전국 현지 화환전문가맹점에서 직접배송처리해 드립니다.
        
        ◈ 부득이하게 문상을 못가시더라도 실제배송된 상품사진을 고객님께서 직접 확인하실 수 있습니다.
        
        ◈ 상품 크기 : 2M이상
        ◈ 배송 방법 : 장례식장이나 추모장에서 제일 가까운 지점에서 직접배송
        ◈ 배송 형태 : 컴퓨터 리본문구포함 및 부조금전달
        ◈ 상품 특징 : 부의, 추모, 추도, 장례식장, 영결식장등 근조3단형으로 고귀한신 분의 애도화환 상품입니다.
        ◈ 대중소차이 : 국화품질이나 국화송이수의 차이를 말합니다.
        
        ◈ 상품 소재 : 추모, 부의 등 숙연한 분위기에 맞는 국화, 백합, 글라디올라스,극낙조 및 계절소재 등으로 만들어집니다. 고인에 대한 보내는 분의 애도의 마음을 담아 정성껏 제작 배송해 드립니다.
        
        ◈ 주의 사항 : 지역에 따라 상품의 제작스타일이 약간씩 상이할 수 있으며, 일부 군소단위는 상품의 물류배송에 어려움이 있으므로 배송이 안되는 지역도 있을 수 있습니다.'
      , 257
      , '2022-07-15'
      , 'Y'
      , 'Y'
      , 'SEL_FLO_02'
      , '근조화환'
    );
    
INSERT
 INTO TB_PRODUCT
    (
        P_ID
      , P_NAME
      , P_NETPRICE
      , P_DETAIL
      , P_STOCK
      , P_ENROLL_DATE
      , P_RETURN_YN
      , P_TAG_YN
      , SAL_ID
      , CATEGORY_SMALL
    )
VALUES
    ( 
        SEQ_PRODUCT.NEXTVAL
      , '명품근조화환'
      , 135000
      , '▶◀ 삼가 고인의 명복을 빕니다. ▶◀

        ◈ 하프플라워에서는 싱싱한 생화만을 사용하며, 주문해 주신 상품은 전국 현지 화환전문가맹점에서 직접배송처리해 드립니다.
        
        ◈ 부득이하게 문상을 못가시더라도 실제배송된 상품사진을 고객님께서 직접 확인하실 수 있습니다.
        
        ◈ 상품 크기 : 2M이상
        ◈ 배송 방법 : 장례식장이나 추모장에서 제일 가까운 지점에서 직접배송
        ◈ 배송 형태 : 컴퓨터 리본문구포함 및 부조금전달
        ◈ 상품 특징 : 부의, 추모, 추도, 장례식장, 영결식장등 근조3단형으로 고귀한신 분의 애도화환 상품입니다.
        ◈ 대중소차이 : 국화품질이나 국화송이수의 차이를 말합니다.
        
        ◈ 상품 소재 : 추모, 부의 등 숙연한 분위기에 맞는 국화, 백합, 글라디올라스,극낙조 및 계절소재 등으로 만들어집니다. 고인에 대한 보내는 분의 애도의 마음을 담아 정성껏 제작 배송해 드립니다.
        
        ◈ 주의 사항 : 지역에 따라 상품의 제작스타일이 약간씩 상이할 수 있으며, 일부 군소단위는 상품의 물류배송에 어려움이 있으므로 배송이 안되는 지역도 있을 수 있습니다.'
      , 148
      , '2022-07-07'
      , 'N'
      , 'N'
      , 'SEL_FLO_03'
      , '근조화환'
    );
    
INSERT
 INTO TB_PRODUCT
    (
        P_ID
      , P_NAME
      , P_NETPRICE
      , P_DETAIL
      , P_STOCK
      , P_ENROLL_DATE
      , P_RETURN_YN
      , P_TAG_YN
      , SAL_ID
      , CATEGORY_SMALL
    )
VALUES
    ( 
        SEQ_PRODUCT.NEXTVAL
      , '3단 근조화환'
      , 88000
      , '▶◀ 삼가 고인의 명복을 빕니다. ▶◀

        ◈ 하프플라워에서는 싱싱한 생화만을 사용하며, 주문해 주신 상품은 전국 현지 화환전문가맹점에서 직접배송처리해 드립니다.
        
        ◈ 부득이하게 문상을 못가시더라도 실제배송된 상품사진을 고객님께서 직접 확인하실 수 있습니다.
        
        ◈ 상품 크기 : 2M이상
        ◈ 배송 방법 : 장례식장이나 추모장에서 제일 가까운 지점에서 직접배송
        ◈ 배송 형태 : 컴퓨터 리본문구포함 및 부조금전달
        ◈ 상품 특징 : 부의, 추모, 추도, 장례식장, 영결식장등 근조3단형으로 고귀한신 분의 애도화환 상품입니다.
        ◈ 대중소차이 : 국화품질이나 국화송이수의 차이를 말합니다.
        
        ◈ 상품 소재 : 추모, 부의 등 숙연한 분위기에 맞는 국화, 백합, 글라디올라스,극낙조 및 계절소재 등으로 만들어집니다. 고인에 대한 보내는 분의 애도의 마음을 담아 정성껏 제작 배송해 드립니다.
        
        ◈ 주의 사항 : 지역에 따라 상품의 제작스타일이 약간씩 상이할 수 있으며, 일부 군소단위는 상품의 물류배송에 어려움이 있으므로 배송이 안되는 지역도 있을 수 있습니다.'
      , 216
      , '2022-11-18'
      , 'N'
      , 'Y'
      , 'SEL_FLO_04'
      , '근조화환'
    );
    
INSERT
 INTO TB_PRODUCT
    (
        P_ID
      , P_NAME
      , P_NETPRICE
      , P_DETAIL
      , P_STOCK
      , P_ENROLL_DATE
      , P_RETURN_YN
      , P_TAG_YN
      , SAL_ID
      , CATEGORY_SMALL
    )
VALUES
    ( 
        SEQ_PRODUCT.NEXTVAL
      , '천국인도 3단화환'
      , 80000
      , '▶◀ 삼가 고인의 명복을 빕니다. ▶◀

        ◈ 하프플라워에서는 싱싱한 생화만을 사용하며, 주문해 주신 상품은 전국 현지 화환전문가맹점에서 직접배송처리해 드립니다.
        
        ◈ 부득이하게 문상을 못가시더라도 실제배송된 상품사진을 고객님께서 직접 확인하실 수 있습니다.
        
        ◈ 상품 크기 : 2M이상
        ◈ 배송 방법 : 장례식장이나 추모장에서 제일 가까운 지점에서 직접배송
        ◈ 배송 형태 : 컴퓨터 리본문구포함 및 부조금전달
        ◈ 상품 특징 : 부의, 추모, 추도, 장례식장, 영결식장등 근조3단형으로 고귀한신 분의 애도화환 상품입니다.
        ◈ 대중소차이 : 국화품질이나 국화송이수의 차이를 말합니다.
        
        ◈ 상품 소재 : 추모, 부의 등 숙연한 분위기에 맞는 국화, 백합, 글라디올라스,극낙조 및 계절소재 등으로 만들어집니다. 고인에 대한 보내는 분의 애도의 마음을 담아 정성껏 제작 배송해 드립니다.
        
        ◈ 주의 사항 : 지역에 따라 상품의 제작스타일이 약간씩 상이할 수 있으며, 일부 군소단위는 상품의 물류배송에 어려움이 있으므로 배송이 안되는 지역도 있을 수 있습니다.'
      , 285
      , '2022-11-04'
      , 'Y'
      , 'N'
      , 'SEL_FLO_05'
      , '근조화환'
    );
    
INSERT
 INTO TB_PRODUCT
    (
        P_ID
      , P_NAME
      , P_NETPRICE
      , P_DETAIL
      , P_STOCK
      , P_ENROLL_DATE
      , P_RETURN_YN
      , P_TAG_YN
      , SAL_ID
      , CATEGORY_SMALL
    )
VALUES
    ( 
        SEQ_PRODUCT.NEXTVAL
      , 'series5 언덕위의 풍경'
      , 120000
      , '분재는 어르신들이 좋아하실꺼라는 편견을 없애고자
        최대한 심플하면서도 멋스럽게 단장해보았어요.
        
        분재용 스테디셀러 청짜보!
        짜보는 일본 말로 작다라는 뜻인데요.
        미니편백이라고도 합니다.
        
        관리도 어렵지 않고 크기가 잘 크지도 않아 분재용으로 딱입니다
        초보식물러에게도 까다롭지 않아요.
        사계절 푸르른 나무를 미니어쳐 사이즈로 해놓은 듯한 한 손안에 들어오는 화분입니다.
        
        레드화산석 분재 분과 깔맞춤으로 레드 화산석을 비단이끼 사이에 배치 했어요
        
        바라보고 있으면 푸른 언덕을 올라가는 작은 사람들이 연상되지 않나요?
        그 언덕아래에서 편안히 쉬기도 하고 기둥 타고 올라가 푸르름을 만끽하고 싶기도 하고
        
        내 책상에 두며 나만 바라볼 수 있는 나만의 언덕
        매력적이지요.
        
        개업이나 이사, 승진선물 시에는 작은 메세지 리본도 무료로 제작 해드립니다.
        
        받으시는 분도 아마 어렸을 적 뛰놀던 내 마음 속 작은 언덕을 상상해보 실 수 있을겁니다.'
      , 1
      , '2022-02-01'
      , 'Y'
      , 'Y'
      , 'SEL_FLO_01'
      , '분재'
    );
    
INSERT
 INTO TB_PRODUCT
    (
        P_ID
      , P_NAME
      , P_NETPRICE
      , P_DETAIL
      , P_STOCK
      , P_ENROLL_DATE
      , P_RETURN_YN
      , P_TAG_YN
      , SAL_ID
      , CATEGORY_SMALL
    )
VALUES
    ( 
        SEQ_PRODUCT.NEXTVAL
      , '한옥 안에 작은정원'
      , 240000
      , '우리나라의 아름다운 한옥을 모티브로 디자인을 하였습니다.
        모든 금속을 망치로 두드려 제작을 하였습니다.
        한옥의 기둥과 기와 지붕,
        각기 다른 굵기의 쇠를 두드려, 다르게 디테일을 주었습니다.
        모든 제작 완성 후, 마지막으로 망치를 두드려
        지붕의 끝 부분 망와를 표현하였습니다.
        망치가 아니면 나올 수 없는 디자인 입니다.
        더욱 한옥의 느낌이 살아납니다.
        또한, 목재와 결합하여 한옥의 마루 느낌을 줍니다.
        
        목재는 목공방에서 최고급 월넛으로 제작 의뢰 후,
        결합을 하였습니다.
        
        한옥의 빈 공간을 애정하는 분재,도자기,장식품으로 채워보세요.
        한옥과 어울리는 나만의 플랜테리어를 추천합니다?
        
        ?당신의 공간은 아름다워야 합니다?'
      , 1
      , '2022-01-01'
      , 'N'
      , 'N'
      , 'SEL_FLO_02'
      , '분재'
    );
    
INSERT
 INTO TB_PRODUCT
    (
        P_ID
      , P_NAME
      , P_NETPRICE
      , P_DETAIL
      , P_STOCK
      , P_ENROLL_DATE
      , P_RETURN_YN
      , P_TAG_YN
      , SAL_ID
      , CATEGORY_SMALL
    )
VALUES
    ( 
        SEQ_PRODUCT.NEXTVAL
      , '스칸디아모스 분재 화분'
      , 189000
      , '? 8개의 모스 볼을 모스 만으로
        가득 채워 기능을 최대화 하고
        접착제를 최소화해 폭신폭신
        질감이 살아있습니다
        
        ? 부드러운 와이어를 사용해서
        잔잔한 바람에도 흔들림이 있고
        개인 취향에 맞게 모양을
        변형할 수 있습니다
        
        ? 실제 나무의 느낌을 살려 주는
        마른 이끼를 대에 섬세하게 붙여
        정성 가득한 고급스러움을 주었습니다'
      , 1
      , '2022-01-27'
      , 'N'
      , 'Y'
      , 'SEL_FLO_03'
      , '분재'
    );
    
INSERT
 INTO TB_PRODUCT
    (
        P_ID
      , P_NAME
      , P_NETPRICE
      , P_DETAIL
      , P_STOCK
      , P_ENROLL_DATE
      , P_RETURN_YN
      , P_TAG_YN
      , SAL_ID
      , CATEGORY_SMALL
    )
VALUES
    ( 
        SEQ_PRODUCT.NEXTVAL
      , '개업선물 복숭아 조화분재'
      , 189000
      , '모형복숭아에 조화복숭아꽃과
        고급조화 잎사귀로
        만들었어요
        복숭아잎은 길쭉하답니다
        나무가지는 플라스틱이 아닌 한지와
        멀티염료를 사용해 나무의 질감을 표현했구요
        생화분재처럼 화기로는
        옹기분을 사용하였습니다
        화분엔 정화 가습 효과에 좋은
        천연모스를 덮어주고
        ?손으로 빚은 버섯픽으로 정겨움을 더했어요
        어느 방향에서 보아도 좋은
        사방화구조에
        넓은곳이나 좁은장소 어느곳이나
        장식하기 좋아요
        
        ?가정집 소품으로도 깔끔하고
        부모님께 축하선물로도 좋구요
        매장 안내데스크 쇼윈도우
        인테리어로도 잘 어울립니다
        집들이나 이사 개업축하에 특색있는
        선물로도 안성맞춤이지요'
      , 1
      , '2022-01-16'
      , 'Y'
      , 'N'
      , 'SEL_FLO_04'
      , '분재'
    );
    
INSERT
 INTO TB_PRODUCT
    (
        P_ID
      , P_NAME
      , P_NETPRICE
      , P_DETAIL
      , P_STOCK
      , P_ENROLL_DATE
      , P_RETURN_YN
      , P_TAG_YN
      , SAL_ID
      , CATEGORY_SMALL
    )
VALUES
    ( 
        SEQ_PRODUCT.NEXTVAL
      , '스칸디아모스분재 귀요미 나무'
      , 6900
      , '? 모스는 풍부하게 사용하고
        접착제는 최소화해 폭신폭신
        질감이 살아있습니다
        
        ? 부드러운 와이어를 사용해
        잔잔한 바람에도 흔들림이 있고
        개인 취향에 맞게 모양을 바꾸어
        나만의 나무를 완성 할 수 있어요
        
        ? 귀여운 모습이 보는 것 만으로
        기분 좋아지는 효과를 드려요'
      , 1
      , '2022-01-27'
      , 'Y'
      , 'Y'
      , 'SEL_FLO_05'
      , '분재'
    );
    
INSERT
 INTO TB_PRODUCT
    (
        P_ID
      , P_NAME
      , P_NETPRICE
      , P_DETAIL
      , P_STOCK
      , P_ENROLL_DATE
      , P_RETURN_YN
      , P_TAG_YN
      , SAL_ID
      , CATEGORY_SMALL
    )
VALUES
    ( 
        SEQ_PRODUCT.NEXTVAL
      , '미세먼지먹는 틸란드시아 테라리움'
      , 119000
      , '다채로운 유리 용기에
        틸란드시아를 감각적으로 어레인지한
        ?틸란드시아 테라리움
        
        
        틸란드시아(Tillandsia)는
        공기 중의 수분과 먼지 속에 있는 미립자를
        자양분으로 하여 자라는 신기한 식물로
        공중식물(Air plants)라고 불려요.
        
        흙이 없이 살기 때문에
        먼지, 곰팡이, 바이러스가 없는 친환경 식물이며
        풍부한 산소를 만들어 내는 탁월한 공기정화식물이에요.
        
        침실이나 식탁에서 키우는 식물이라 하여
        애완식물 (Pet plant)라고도 해요.
        
        틸란드시아가 1급 발암물질로 새집증후군을 유발하는
        폼알데하이드를 흡수한다는 연구결과가 나왔습니다.
        
        관리하기가 쉽고, 생명력과 번식력이 탁월해
        도시형 반려 식물로도 주목 받고 있죠.
        안전배송을 위해 개별포장되며 직접 만들어 인테리어하는 상품입니다.'
      , 10
      , '2022-03-27'
      , 'N'
      , 'N'
      , 'SEL_FLO_01'
      , '공기정화'
    );
    
INSERT
 INTO TB_PRODUCT
    (
        P_ID
      , P_NAME
      , P_NETPRICE
      , P_DETAIL
      , P_STOCK
      , P_ENROLL_DATE
      , P_RETURN_YN
      , P_TAG_YN
      , SAL_ID
      , CATEGORY_SMALL
    )
VALUES
    ( 
        SEQ_PRODUCT.NEXTVAL
      , '아기 꽃사슴의 작은숲'
      , 29900
      , '스칸디아모스

        1. 이끼는 공기정화 ,습도조절 기능을 가지고 있습니다.
        
        2. 따로 물을 주지 않아도 되어서 관리하기 좋습니다.
        
        3. 탈취 기능이 있어 주방이나 화장실에도 적합합니다.
        
        
        -습도가 40%이하로 내려가면 이끼가 건조해지며
        
        습도가 올라가면 다시 촉촉해 집니다
        
        (딱딱해지면 습한 곳으로 옮겨주세요)'
      , 17
      , '2022-04-12'
      , 'N'
      , 'Y'
      , 'SEL_FLO_02'
      , '공기정화'
    );
    
INSERT
 INTO TB_PRODUCT
    (
        P_ID
      , P_NAME
      , P_NETPRICE
      , P_DETAIL
      , P_STOCK
      , P_ENROLL_DATE
      , P_RETURN_YN
      , P_TAG_YN
      , SAL_ID
      , CATEGORY_SMALL
    )
VALUES
    ( 
        SEQ_PRODUCT.NEXTVAL
      , '벚꽃나무를 닮은 공기정화식물 은행목'
      , 31900
      , '은행목은

        다육과의 식물로 벚꽃을 닮은 분홍색 부분은
        꽃이 아닌 잎의 한 부분이에요.
        
        통통한 잎과 화사한 모습을 오래 볼 수 있는
        사랑스러운 식물이랍니다 ?
        
        지친 나에게, 소중한 사람에게
        기분까지 좋아지는 화사한
        특별한 반려식물을 선물해보세요 ?
        
        ???
        
         은행목 관리법 
        
        ?? 다육식물이기 때문에 키우기 까다롭지 않지만
        건조하게 관리해주셔야 하고, 통풍이 중요한 식물이에요
        
        ?? 과습에 약한 식물이기 때문에 속 흙까지 충분히 말랐을 때,
        소량으로 흙에 직접 물을 주세요
        (잎에 물이 닿으면 과습의 위험이 있어요)
        
        ?? 일교차가 클수록 핑크빛 잎이 더욱 선명해져요.
        낮에는 햇빛이 많은 곳에, 밤에는 빛을 차단해주세요
        더욱 선명하고 예쁜 핑크색을 볼 수 있답니다 '
      , 34
      , '2022-05-21'
      , 'Y'
      , 'N'
      , 'SEL_FLO_03'
      , '공기정화'
    );
    
INSERT
 INTO TB_PRODUCT
    (
        P_ID
      , P_NAME
      , P_NETPRICE
      , P_DETAIL
      , P_STOCK
      , P_ENROLL_DATE
      , P_RETURN_YN
      , P_TAG_YN
      , SAL_ID
      , CATEGORY_SMALL
    )
VALUES
    ( 
        SEQ_PRODUCT.NEXTVAL
      , '커피로 만든 화분에 공기정화식물을 더하다'
      , 41500
      , '우리가 일상적으로 마시는 커피.
        커피 한 잔을 내릴 때 사용되는 원두 단0.2%.
        나머지 99.8%는 커피박(커피찌꺼기) 이라는 이름으로 버려지며 제대로 활용되지 못하고 있습니다.
        커피어게인은 커피박을 새활용하여 가치를 더한 상품으로 재탄생시킵니다.
        
        업사이클링(UPGRADE+RECYCLING) 브랜드 커피어게인
        
        
        <커피어게인 공기정화식물 3SET>
        침실, 거실, 회사, 집들이, 선물로 커피어게인 공기정화식물을 추천드립니다:)
        
        
        ? 스투키의 장점은 무엇인가요?
        *실내공기 정화
        *음이온 발생 (일반식물 30배)
        *산소 발생으로 숙면에 도움
        *전자파 차단
        *손쉬운 관리 (물 월1~2회)
        
        
        ? 커피어게인의 장점은 무엇인가요?
        * 커피박을 새활용하여 화분 제작
        * 공기정화식물 활용
        * 핸드메이드
        * 환경을 생각한 제품
        * 어떤 공간에 놓아도 자연스러우며 실내공간의 분위기 up! up!'
      , 8
      , '2022-06-05'
      , 'Y'
      , 'Y'
      , 'SEL_FLO_04'
      , '공기정화'
    );

INSERT
 INTO TB_PRODUCT
    (
        P_ID
      , P_NAME
      , P_NETPRICE
      , P_DETAIL
      , P_STOCK
      , P_ENROLL_DATE
      , P_RETURN_YN
      , P_TAG_YN
      , SAL_ID
      , CATEGORY_SMALL
    )
VALUES
    ( 
        SEQ_PRODUCT.NEXTVAL
      , '수경재배식물 테이블야자'
      , 29000
      , '테이블야자는 책상위에 올려놓고 키운다 하여
        탁상야자, 테이블야자 라고 불립니다.
        실내의 조명만으로도 잘 자라고
        관리가 편한 수경재배로 준비했습니다.
        
        
        수경재배식물은 흙 없이 물에서만
        키워서 벌레 걱정이 없고 천연가습의 기능이 있어서
        안정된 실내습도유지와 공기정화에 도움을 줘서
        건조한 계절에 키우기 좋으며
        테이블을 빛내 줄 감성갬성 넘치는 인테리어소품이
        될 수 있습니다.
        
        
        골드 프레임을 포인트로 올려 식물의 쓰러짐을 방지
        하고 화이트 세라믹 화병이 식물을 한층 더 화사하게
        만들어 주는 유니크한 식물_화병 세트 상품입니다.'
      , 5
      , '2022-07-07'
      , 'N'
      , 'N'
      , 'SEL_FLO_05'
      , '공기정화'
    );
    
INSERT
 INTO TB_PRODUCT
    (
        P_ID
      , P_NAME
      , P_NETPRICE
      , P_DETAIL
      , P_STOCK
      , P_ENROLL_DATE
      , P_RETURN_YN
      , P_TAG_YN
      , SAL_ID
      , CATEGORY_SMALL
    )
VALUES
    ( 
        SEQ_PRODUCT.NEXTVAL
      , '철골소심 특급 축하화분'
      , 69000
      , '잎폭이 좁고 길며 잎과 잎사이의 골이 있고 잎가장자리에 톱날 같은 모양이 있습니다. 꽃은 백색에 가까우며 향이좋고 번식력이 뛰어납니다. 꽃의 색이 은은하여, 고급스러운난중에 하나입니다.
      
        ■ 동양란 관리-봄,여름관리요령

        - 햇빛이 잘들고 통풍이 원활한 곳에서 관리한다.
        - 물은 봄에는 따뜻한 날 오전중에, 여름에는 해가 진 후 시원할 때 주는데,
        분토가 하얗게 말랐을때를 기준으로 합니다.
        - 물을 줄때는 분밑으로 물이 쫙 빠져 나가도록 흠뻑 준다.
        - 오전 10시까지는 그대로 햇볕을 쪼여주지만 이후는 40~70% 이상의 차광을 해준다.
        - 습도는 60~70% 정도로 맞추어준다.
        - 소독은 월2회 정도 실시하며, 비료는 봄에는 2~3회,
        - 여름에는 경함이 많지 않으면 주지 않는 것이 좋다.
        - 통풍은 최대한 원활하게 해주며 가급적 여름철 한낮의 기온이
        너무 올라가지 않도록 신경을 쓴다.
        
        ■ 동양란 관리-가을,겨울관리요령
        
        - 오전 햇빛이 잘들고 통풍이 원활한 곳에서 관리한다.
        - 물주기는 가을과 겨울 모두 따뜻한 날 오전중에 실시하며,
        분토의 마르기를 기준으로 충분히 준다.
        - 특히 겨울철의 저녁관수는 무조건 피해야 한다.
        - 온도가 내려갈수록 물주는 주기는 점점 멀어진다.
        - 습도는 60~70%, 오전 햇빛은 충분히 쪼여주고 오후에는 가을에는 50~60%,
        겨울에는 발 한겹 정도의 차광을 해준다.
        - 휴면기에 따뜻한 관리를 하게 되면 휴면장애현상으로 이듬해의 성장이 좋지않다.'
      , 49
      , '2022-08-08'
      , 'N'
      , 'Y'
      , 'SEL_FLO_01'
      , '동양란'
    );
    
INSERT
 INTO TB_PRODUCT
    (
        P_ID
      , P_NAME
      , P_NETPRICE
      , P_DETAIL
      , P_STOCK
      , P_ENROLL_DATE
      , P_RETURN_YN
      , P_TAG_YN
      , SAL_ID
      , CATEGORY_SMALL
    )
VALUES
    ( 
        SEQ_PRODUCT.NEXTVAL
      , '태양금 승진축하화분'
      , 127000
      , '잎이 곧고 단엽이면서. 가장자리와 끝부분에 황금색 무늬가 아주 강하게 들어간 해란종류의 고급난입니다. 널리 보급되지 않는 귀한 난입니다.
      
        ■ 동양란 관리-봄,여름관리요령

        - 햇빛이 잘들고 통풍이 원활한 곳에서 관리한다.
        - 물은 봄에는 따뜻한 날 오전중에, 여름에는 해가 진 후 시원할 때 주는데,
        분토가 하얗게 말랐을때를 기준으로 합니다.
        - 물을 줄때는 분밑으로 물이 쫙 빠져 나가도록 흠뻑 준다.
        - 오전 10시까지는 그대로 햇볕을 쪼여주지만 이후는 40~70% 이상의 차광을 해준다.
        - 습도는 60~70% 정도로 맞추어준다.
        - 소독은 월2회 정도 실시하며, 비료는 봄에는 2~3회,
        - 여름에는 경함이 많지 않으면 주지 않는 것이 좋다.
        - 통풍은 최대한 원활하게 해주며 가급적 여름철 한낮의 기온이
        너무 올라가지 않도록 신경을 쓴다.
        
        ■ 동양란 관리-가을,겨울관리요령
        
        - 오전 햇빛이 잘들고 통풍이 원활한 곳에서 관리한다.
        - 물주기는 가을과 겨울 모두 따뜻한 날 오전중에 실시하며,
        분토의 마르기를 기준으로 충분히 준다.
        - 특히 겨울철의 저녁관수는 무조건 피해야 한다.
        - 온도가 내려갈수록 물주는 주기는 점점 멀어진다.
        - 습도는 60~70%, 오전 햇빛은 충분히 쪼여주고 오후에는 가을에는 50~60%,
        겨울에는 발 한겹 정도의 차광을 해준다.
        - 휴면기에 따뜻한 관리를 하게 되면 휴면장애현상으로 이듬해의 성장이 좋지않다.'
      , 52
      , '2022-09-06'
      , 'Y'
      , 'N'
      , 'SEL_FLO_02'
      , '동양란'
    );
    
INSERT
 INTO TB_PRODUCT
    (
        P_ID
      , P_NAME
      , P_NETPRICE
      , P_DETAIL
      , P_STOCK
      , P_ENROLL_DATE
      , P_RETURN_YN
      , P_TAG_YN
      , SAL_ID
      , CATEGORY_SMALL
    )
VALUES
    ( 
        SEQ_PRODUCT.NEXTVAL
      , '황금강 승진축하화분'
      , 112000
      , '황금강은 최절정의 고급난으로 황금색무늬가 강하며, 잎이 절개가 아름다운 명품란입니다.
      
        ■ 동양란 관리-봄,여름관리요령

        - 햇빛이 잘들고 통풍이 원활한 곳에서 관리한다.
        - 물은 봄에는 따뜻한 날 오전중에, 여름에는 해가 진 후 시원할 때 주는데,
        분토가 하얗게 말랐을때를 기준으로 합니다.
        - 물을 줄때는 분밑으로 물이 쫙 빠져 나가도록 흠뻑 준다.
        - 오전 10시까지는 그대로 햇볕을 쪼여주지만 이후는 40~70% 이상의 차광을 해준다.
        - 습도는 60~70% 정도로 맞추어준다.
        - 소독은 월2회 정도 실시하며, 비료는 봄에는 2~3회,
        - 여름에는 경함이 많지 않으면 주지 않는 것이 좋다.
        - 통풍은 최대한 원활하게 해주며 가급적 여름철 한낮의 기온이
        너무 올라가지 않도록 신경을 쓴다.
        
        ■ 동양란 관리-가을,겨울관리요령
        
        - 오전 햇빛이 잘들고 통풍이 원활한 곳에서 관리한다.
        - 물주기는 가을과 겨울 모두 따뜻한 날 오전중에 실시하며,
        분토의 마르기를 기준으로 충분히 준다.
        - 특히 겨울철의 저녁관수는 무조건 피해야 한다.
        - 온도가 내려갈수록 물주는 주기는 점점 멀어진다.
        - 습도는 60~70%, 오전 햇빛은 충분히 쪼여주고 오후에는 가을에는 50~60%,
        겨울에는 발 한겹 정도의 차광을 해준다.
        - 휴면기에 따뜻한 관리를 하게 되면 휴면장애현상으로 이듬해의 성장이 좋지않다.'
      , 67
      , '2022-10-10'
      , 'Y'
      , 'Y'
      , 'SEL_FLO_03'
      , '동양란'
    );
    
INSERT
 INTO TB_PRODUCT
    (
        P_ID
      , P_NAME
      , P_NETPRICE
      , P_DETAIL
      , P_STOCK
      , P_ENROLL_DATE
      , P_RETURN_YN
      , P_TAG_YN
      , SAL_ID
      , CATEGORY_SMALL
    )
VALUES
    ( 
        SEQ_PRODUCT.NEXTVAL
      , '황금일향과 명품도자기'
      , 135000
      , '황금일향 단엽은 황금일향중에서도 잎의 길이가 짧으면서도 황금색 무늬가 아주강한 변이종으로 개체수가 많지 않은 매우 귀한품종이며, 국산 고급도자기와 어울려 명품을 선보이는 난입니다.
      
        ■ 동양란 관리-봄,여름관리요령

        - 햇빛이 잘들고 통풍이 원활한 곳에서 관리한다.
        - 물은 봄에는 따뜻한 날 오전중에, 여름에는 해가 진 후 시원할 때 주는데,
        분토가 하얗게 말랐을때를 기준으로 합니다.
        - 물을 줄때는 분밑으로 물이 쫙 빠져 나가도록 흠뻑 준다.
        - 오전 10시까지는 그대로 햇볕을 쪼여주지만 이후는 40~70% 이상의 차광을 해준다.
        - 습도는 60~70% 정도로 맞추어준다.
        - 소독은 월2회 정도 실시하며, 비료는 봄에는 2~3회,
        - 여름에는 경함이 많지 않으면 주지 않는 것이 좋다.
        - 통풍은 최대한 원활하게 해주며 가급적 여름철 한낮의 기온이
        너무 올라가지 않도록 신경을 쓴다.
        
        ■ 동양란 관리-가을,겨울관리요령
        
        - 오전 햇빛이 잘들고 통풍이 원활한 곳에서 관리한다.
        - 물주기는 가을과 겨울 모두 따뜻한 날 오전중에 실시하며,
        분토의 마르기를 기준으로 충분히 준다.
        - 특히 겨울철의 저녁관수는 무조건 피해야 한다.
        - 온도가 내려갈수록 물주는 주기는 점점 멀어진다.
        - 습도는 60~70%, 오전 햇빛은 충분히 쪼여주고 오후에는 가을에는 50~60%,
        겨울에는 발 한겹 정도의 차광을 해준다.
        - 휴면기에 따뜻한 관리를 하게 되면 휴면장애현상으로 이듬해의 성장이 좋지않다.'
      , 67
      , '2022-10-10'
      , 'Y'
      , 'Y'
      , 'SEL_FLO_04'
      , '동양란'
    );
    
INSERT
 INTO TB_PRODUCT
    (
        P_ID
      , P_NAME
      , P_NETPRICE
      , P_DETAIL
      , P_STOCK
      , P_ENROLL_DATE
      , P_RETURN_YN
      , P_TAG_YN
      , SAL_ID
      , CATEGORY_SMALL
    )
VALUES
    ( 
        SEQ_PRODUCT.NEXTVAL
      , '산천보세- 승진축하선물'
      , 77000
      , '잎이 넓직하고 엽육이 두터워 시원하게 뻗은 풍채를 자랑하며 은은한 향을 지니고 있습니다. 대명란 이라고도 불리며 원산지는 중국남부의 복건성과 광동성 입니다.
      
        ■ 동양란 관리-봄,여름관리요령

        - 햇빛이 잘들고 통풍이 원활한 곳에서 관리한다.
        - 물은 봄에는 따뜻한 날 오전중에, 여름에는 해가 진 후 시원할 때 주는데,
        분토가 하얗게 말랐을때를 기준으로 합니다.
        - 물을 줄때는 분밑으로 물이 쫙 빠져 나가도록 흠뻑 준다.
        - 오전 10시까지는 그대로 햇볕을 쪼여주지만 이후는 40~70% 이상의 차광을 해준다.
        - 습도는 60~70% 정도로 맞추어준다.
        - 소독은 월2회 정도 실시하며, 비료는 봄에는 2~3회,
        - 여름에는 경함이 많지 않으면 주지 않는 것이 좋다.
        - 통풍은 최대한 원활하게 해주며 가급적 여름철 한낮의 기온이
        너무 올라가지 않도록 신경을 쓴다.
        
        ■ 동양란 관리-가을,겨울관리요령
        
        - 오전 햇빛이 잘들고 통풍이 원활한 곳에서 관리한다.
        - 물주기는 가을과 겨울 모두 따뜻한 날 오전중에 실시하며,
        분토의 마르기를 기준으로 충분히 준다.
        - 특히 겨울철의 저녁관수는 무조건 피해야 한다.
        - 온도가 내려갈수록 물주는 주기는 점점 멀어진다.
        - 습도는 60~70%, 오전 햇빛은 충분히 쪼여주고 오후에는 가을에는 50~60%,
        겨울에는 발 한겹 정도의 차광을 해준다.
        - 휴면기에 따뜻한 관리를 하게 되면 휴면장애현상으로 이듬해의 성장이 좋지않다.'
      , 60
      , '2022-10-12'
      , 'N'
      , 'N'
      , 'SEL_FLO_05'
      , '동양란'
    );
    
INSERT
 INTO TB_PRODUCT
    (
        P_ID
      , P_NAME
      , P_NETPRICE
      , P_DETAIL
      , P_STOCK
      , P_ENROLL_DATE
      , P_RETURN_YN
      , P_TAG_YN
      , SAL_ID
      , CATEGORY_SMALL
    )
VALUES
    ( 
        SEQ_PRODUCT.NEXTVAL
      , '서양란 카틀레야 고급 난조화 개업난 취임난 부모님꽃선물'
      , 61800
      , '인테리어 소품이나
        개업, 승진, 명절 등에 선물용으로 추천드리는
        
        서양란 조화 화분입니다.
        
        난의 여왕이라 불리는
        화려하고 아름다운 카틀레야 조화를 사용하였습니다.
        
        
        디테일이 살아있는
        고급 퀄리티의 조화 카틀레야는
        가까이에서 보아도, 만져 보아도
        생화 못지 않은 아름다움을 자랑합니다.
        
        
        고풍스러운 자주빛 컬러의 카틀레야 꽃대가 2대
        봉우리 꽃대가 2대
        총 4대로 구성되어 있습니다.
        
        깔끔한 세라믹 화기에
        카틀레야 조화와 함께 이끼, 그린소재, 덩굴 가지 등을
        함께 연출하여 자연스러움을 더했습니다.
        
        
        서양난 화분은 선물할 때 가장 아름답지만
        물을 주고 신경써서 관리해도
        금방 꽃이 떨어져 버리고 나면
        볼품없이 잎만 남게 되어 버려지는 경우도 많습니다.
        
        여여화의 서양란 조화 화분은
        아름다운 모습 그대로 오래도록 보실 수 있기 때문에
        
        바쁜 일상에 식물을 돌볼 시간이 없거나
        식물을 키우는 것에 자신이 없는 분들께
        
        좋은 선물이 됩니다.
        
        
        
        물을 주고 관리해야 하는 부담은 덜고
        변하지 않는 아름다움만 간직하세요!'
      , 2
      , '2022-11-12'
      , 'N'
      , 'Y'
      , 'SEL_FLO_01'
      , '서양란'
    );
    
INSERT
 INTO TB_PRODUCT
    (
        P_ID
      , P_NAME
      , P_NETPRICE
      , P_DETAIL
      , P_STOCK
      , P_ENROLL_DATE
      , P_RETURN_YN
      , P_TAG_YN
      , SAL_ID
      , CATEGORY_SMALL
    )
VALUES
    ( 
        SEQ_PRODUCT.NEXTVAL
      , '서양란 조화 화분 보자기난 심비디움 개업 선물 서양난'
      , 46800
      , '화사하고 아름다운
        심비디움 서양란 조화 화분입니다.
        
        풍성하게 꽃이 달려있어
        거실이나 식탁, 선반,
        매장이나 사무실에 두면
        공간이 화사해지는 인테리어 소품이 됩니다.
        
        단아한 크리스탈 보자기와 노리개로 포장하여
        
        부모님께 드리는 선물이나
        개업 축하 선물, 승진이나 취임 축하 선물 등으로
        추천드립니다.
        
        백일이나 돌상, 환갑연 등에
        소품으로 활용하기 좋습니다.'
      , 6
      , '2022-11-22'
      , 'Y'
      , 'N'
      , 'SEL_FLO_02'
      , '서양란'
    );
    
INSERT
 INTO TB_PRODUCT
    (
        P_ID
      , P_NAME
      , P_NETPRICE
      , P_DETAIL
      , P_STOCK
      , P_ENROLL_DATE
      , P_RETURN_YN
      , P_TAG_YN
      , SAL_ID
      , CATEGORY_SMALL
    )
VALUES
    ( 
        SEQ_PRODUCT.NEXTVAL
      , '서양란 조화 핸드메이드 도자기 화분 인테리어꽃화분'
      , 59800
      , '화사하고 풍성하게 꽃이 핀
        고급 서양란 조화 화분입니다.
        
        꽃잎 색은 흰색과 분홍색
        두 가지 중 선택하실 수 있습니다.
        
        핸드메이드 도자기 화분에 연출하여
        단아하고 고급스러운 느낌을 줍니다.
        
        개업, 취임, 승진, 생신 등
        특별한날 소중한 분께 드리는 선물로 추천드립니다.
        
        바쁜 현대인의 일상,
        화분에 물을 주고 관리하는 부담 없이
        집안이나 매장, 사무실 등 공간을 꾸미는
        인테리어 소품으로도 추천드립니다.
        
        총 2대의 서양란 조화 꽃대와 잎으로 구성되어 있으며
        가까이에서 보아도 생화만큼 아름다운
        디테일이 살아있는 고급 조화를 사용하였습니다.
        
        화분은 이끼로 마무리하여 자연스러움을 더했습니다.'
      , 28
      , '2022-11-22'
      , 'Y'
      , 'Y'
      , 'SEL_FLO_03'
      , '서양란'
    );
    
INSERT
 INTO TB_PRODUCT
    (
        P_ID
      , P_NAME
      , P_NETPRICE
      , P_DETAIL
      , P_STOCK
      , P_ENROLL_DATE
      , P_RETURN_YN
      , P_TAG_YN
      , SAL_ID
      , CATEGORY_SMALL
    )
VALUES
    ( 
        SEQ_PRODUCT.NEXTVAL
      , '화이트 호접란 조화 화분 개업화분 승진선물 꽃화분'
      , 44800
      , '물을 주고 관리하지 않아도 시들지 않는
        고급 화이트 호접란 조화 화분입니다.
        
        꽃잎, 줄기, 잎, 뿌리까지
        디테일이 살아있는 고급 조화로 제작하여
        
        가까이에서 보아도
        생화 못지 않은 아름다움을 자랑합니다.
        
        
        집안이나 매장 등 공간을 화사하게 꾸미고 싶지만
        화분 키우는 데에 자신이 없는 분들께 추천드립니다.
        
        개업 축하, 승진, 취임 등 특별한 날
        화분을 관리하는 부담은 덜고,
        변하지 않는 아름다움만 선물해 보세요 :)
        
        화분은 골드라인이 들어간
        세련된 세라믹 화분을 사용하였습니다.
        흰색과 검정색 두가지 중 선택하실 수 있습니다.'
      , 20
      , '2022-11-23'
      , 'N'
      , 'N'
      , 'SEL_FLO_04'
      , '서양란'
    );

INSERT
 INTO TB_PRODUCT
    (
        P_ID
      , P_NAME
      , P_NETPRICE
      , P_DETAIL
      , P_STOCK
      , P_ENROLL_DATE
      , P_RETURN_YN
      , P_TAG_YN
      , SAL_ID
      , CATEGORY_SMALL
    )
VALUES
    ( 
        SEQ_PRODUCT.NEXTVAL
      , '석부작 조화난 고급 서양란 조화 화산석 화분 소엽풍란'
      , 39800
      , '자연스러운 매력의 화산석 화분에 연출한
        고급 서양란 조화 화분입니다.
        
        
        총 2대의 서양란 조화 꽃대와 잎으로 구성되어 있으며
        가까이에서 보아도 생화만큼 아름다운
        디테일이 살아있는 고급 조화를 사용하였습니다.
        
        
        바쁜 현대인의 일상,
        화분에 물을 주고 관리하는 부담 없이
        집안이나 매장, 사무실 등 공간을 꾸미는
        
        인테리어 소품으로 추천드립니다.
        
        
        개업, 취임, 승진, 생신 등
        특별한날 소중한 분께 드리는 선물로도 추천드립니다.
        
        
        화분은 이끼로 마무리하여 자연스러움을 더했습니다.'
      , 34
      , '2022-12-03'
      , 'N'
      , 'Y'
      , 'SEL_FLO_05'
      , '서양란'
    );
    
INSERT
 INTO TB_PRODUCT
    (
        P_ID
      , P_NAME
      , P_NETPRICE
      , P_DETAIL
      , P_STOCK
      , P_ENROLL_DATE
      , P_RETURN_YN
      , P_TAG_YN
      , SAL_ID
      , CATEGORY_SMALL
    )
VALUES
    ( 
        SEQ_PRODUCT.NEXTVAL
      , '멋진 다육 작품 플랫분'
      , 19000
      , '멋진 다육 작품 플랫분
        (flat pot)
        
        직접 키운 다육이들로 만든
        다육작품 입니다.
        
        정성의 손길로
        하나 하나
        심었어요.♡
        
        그린 인테리어에도 OK.
        선물용으로도 OK.
        어디에도
        좋아요.?
        
        시즌에 따라 다육이들의 구성은
        달라질 수 있어요.
        (작품마다 다를 수 있어요)
        
        시즌에 따라 화분의 모양이나 크기는 조금 다를 수 있어요~~
        
        살아있는 다육이로 광합성을 위해
        햇빛을 많이 보여주세요.
        키우기 설명서 같이 보내 드립니다.'
      , 85
      , '2023-01-03'
      , 'Y'
      , 'N'
      , 'SEL_FLO_01'
      , '미니다육'
    );
    
INSERT
 INTO TB_PRODUCT
    (
        P_ID
      , P_NAME
      , P_NETPRICE
      , P_DETAIL
      , P_STOCK
      , P_ENROLL_DATE
      , P_RETURN_YN
      , P_TAG_YN
      , SAL_ID
      , CATEGORY_SMALL
    )
VALUES
    ( 
        SEQ_PRODUCT.NEXTVAL
      , '캐주얼미니화분(다육)'
      , 4900
      , '건조하고 삭막한 사무실을
        신선하고 쾌적하게 바꿔주는 간단한 방법!
        
        책상 위의 작은 자연을 느끼고 싶다면
        허스토리의 캐주얼미니화분으로 인테리어 해보세요.?
        
        
        식물을 키우기 여의치않은 환경에서도
        건강하게 가드닝을 즐기는 방법.
        바쁜 도시인을 위한 캐주얼가드닝을 허스토리가 제시합니다.
        
        가드닝의 문제점 중 하나가 바로 배수인데요,
        이 유리화분은 한 달에 한번 정도 물을 주고
        흐르지 않아 관리가 아주 쉽답니다.
        
        물은 자주 주지 않아도 관심의 눈길은 자주 주세요.?
        애정을 먹고 자라는 다육식물 캐주얼미니화분입니다.
        
        
        마사와 컬러돌로 허스토리가 직접 가드닝하여
        ?완제품으로 받아보실 수 있어요.
        귀여운 입체형스티커 ?무당벌레가
        사랑스러움을 더해줘요.
        
        
        다육식물은 동일품종 대비 최상급으로
        각 다른 종류로 심어서 보내드려요.'
      , 90
      , '2023-01-22'
      , 'Y'
      , 'Y'
      , 'SEL_FLO_02'
      , '미니다육'
    );
    
INSERT
 INTO TB_PRODUCT
    (
        P_ID
      , P_NAME
      , P_NETPRICE
      , P_DETAIL
      , P_STOCK
      , P_ENROLL_DATE
      , P_RETURN_YN
      , P_TAG_YN
      , SAL_ID
      , CATEGORY_SMALL
    )
VALUES
    ( 
        SEQ_PRODUCT.NEXTVAL
      , '미니다육이 미니어처 유리 포트 시리즈'
      , 13000
      , '정교하게 만든 유리 재질의 화분에
        심은 미니다육이입니다.
        화분의 색상은 투명입니다.
        
        옵션 종류는 사진의 순서입니다.
        첫번째 사진 :유리어항
        여섯번째 사진 : 유리컵
        
        50원 동전보다 조금 큽니다.
        100원 정도 될까하네요.
        
        유리 포트 시리즈에 담긴 흙은
        일반적인 미니다육이에 사용하는
        흙이 아닌 과립형 볼 형태의
        세라믹 용토입니다.
        
        배송중 용토가 빠질 수 있으나
        다시 채워주시면 됩니다.
        
        아기자기하고 귀여운 사이즈로 장소 구분없이
        인테리어 소품으로도 가능하고
        어디서든 간편하고 쉽게 키울수 있습니다.
        
        나만의 미니 정원을 만들어 보세요.'
      , 119
      , '2023-01-14'
      , 'N'
      , 'N'
      , 'SEL_FLO_03'
      , '미니다육'
    );
    
INSERT
 INTO TB_PRODUCT
    (
        P_ID
      , P_NAME
      , P_NETPRICE
      , P_DETAIL
      , P_STOCK
      , P_ENROLL_DATE
      , P_RETURN_YN
      , P_TAG_YN
      , SAL_ID
      , CATEGORY_SMALL
    )
VALUES
    ( 
        SEQ_PRODUCT.NEXTVAL
      , '캔속의 선인장'
      , 6500
      , '삭막한 사무실 , 그리고 나만의 공간에
        초록을 더해보세요
        
        나의 반려식물
        
        나의공간에 그린인테리어를
        더해보세요~^^
        
        귀여운 미니화기에 귀여운 선인장을
        커스텀하여 보내드립니다
        
        알맞는 선인장으로 랜덤 가이드닝
        하여 보내드립니다'
      , 164
      , '2023-02-10'
      , 'N'
      , 'Y'
      , 'SEL_FLO_04'
      , '미니다육'
    );
    
INSERT
 INTO TB_PRODUCT
    (
        P_ID
      , P_NAME
      , P_NETPRICE
      , P_DETAIL
      , P_STOCK
      , P_ENROLL_DATE
      , P_RETURN_YN
      , P_TAG_YN
      , SAL_ID
      , CATEGORY_SMALL
    )
VALUES
    ( 
        SEQ_PRODUCT.NEXTVAL
      , '미니다육미니선인장독일토분핑거식물'
      , 2800
      , '독일토분에 제작된 넘나이쁜 다육이들~
        
        인테리어소품 신혼집선물 원룸인테리어
        
        다양하게 선물하기 좋아요?
        
        
        
        
        
        * 키우는방법 *
        
        한달에 한번 물 주세요
        (잎이 쭈글해지면 주세요)
        너무강한 직광은 피해 주시고 환기가 잘되는 곳이 좋아요
        바람을 좋아해요~~
        
        
        
        * 싸이즈 *
        
        초미니다육아닙니다
        
        미니다육: 가로 3.5cm ×세로 3cm
        식물 종류에 따라 조금씩 차이는 있어요'
      , 56
      , '2023-02-13'
      , 'Y'
      , 'N'
      , 'SEL_FLO_05'
      , '미니다육'
    );
    
    INSERT INTO TB_MEMBER(MEM_ID, 
                      MEM_PW,
                      MEM_EMAIL,
                      MEM_NAME,
                      MEM_PHONE,
                      MEM_POSTAL,
                      MEM_STREET,
                      MEM_ADDRESS,
                      MEM_ENROLL_DATE,
                      MEM_MILEAGE,
                      MEM_IMG,
                      MEM_GET_PHONE,
                      MEM_BIRTHDATE,
                      MEM_GENDER,
                      MEM_STATUS)
VALUES ('USER01',
        'PASS01',
        'isdor435@naver.com',
        '김아재',
        '01098777928',
        36106,
        '경상북도 영주시 지천로157번길',
        '11(가흥동)',
        '2023-02-05',
        0,
        'resources/image/profile/profile_01',
        'N',
        '1999-03-04',
        '1',
        'N');
    
INSERT INTO TB_MEMBER(MEM_ID, 
                      MEM_PW,
                      MEM_EMAIL,
                      MEM_NAME,
                      MEM_PHONE,
                      MEM_POSTAL,
                      MEM_STREET,
                      MEM_ADDRESS,
                      MEM_ENROLL_DATE,
                      MEM_MILEAGE,
                      MEM_IMG,
                      MEM_GET_PHONE,
                      MEM_BIRTHDATE,
                      MEM_GENDER,
                      MEM_STATUS)
VALUES ('USER02',
        'PASS02',
        'akahs98as@naver.com',
        '박조우',
        '01039981544',
        46759,
        '부산광역시 강서구 신호산단4로64번길',
        '18-20(신호동)',
        '2023-01-18',
        50,
        'resources/image/profile/profile_02',
        'N',
        '1988-05-19',
        '1',
        'N');      
        
INSERT INTO TB_MEMBER(MEM_ID, 
                      MEM_PW,
                      MEM_EMAIL,
                      MEM_NAME,
                      MEM_PHONE,
                      MEM_POSTAL,
                      MEM_STREET,
                      MEM_ADDRESS,
                      MEM_ENROLL_DATE,
                      MEM_MILEAGE,
                      MEM_IMG,
                      MEM_GET_PHONE,
                      MEM_BIRTHDATE,
                      MEM_GENDER,
                      MEM_STATUS)
VALUES ('USER03',
        'PASS03',
        'papajones@naver.com',
        '이시연',
        '01011827635',
        04308,
        '서울특별시 용산구 청파로57길',
        '12(청파동1가)',
        '2022-12-18',
        100,
        'img/profile_03',
        'Y',
        '1996-01-01',
        '2',
        'N');
        
INSERT INTO TB_MEMBER(MEM_ID, 
                      MEM_PW,
                      MEM_EMAIL,
                      MEM_NAME,
                      MEM_PHONE,
                      MEM_POSTAL,
                      MEM_STREET,
                      MEM_ADDRESS,
                      MEM_ENROLL_DATE,
                      MEM_MILEAGE,
                      MEM_IMG,
                      MEM_GET_PHONE,
                      MEM_BIRTHDATE,
                      MEM_GENDER,
                      MEM_STATUS)
VALUES ('USER04',
        'PASS04',
        'magdonardo@naver.com',
        '정서은',
        '01009991877',
        63608,
        '제주특별자치도 서귀포시 남원읍 신례동로',
        '121-19',
        '2022-04-25',
        150,
        'resources/image/profile/profile_4',
        'N',
        '1994-08-21',
        '2',
        'Y');  
        
INSERT INTO TB_MEMBER(MEM_ID, 
                      MEM_PW,
                      MEM_EMAIL,
                      MEM_NAME,
                      MEM_PHONE,
                      MEM_POSTAL,
                      MEM_STREET,
                      MEM_ADDRESS,
                      MEM_ENROLL_DATE,
                      MEM_MILEAGE,
                      MEM_IMG,
                      MEM_GET_PHONE,
                      MEM_BIRTHDATE,
                      MEM_GENDER,
                      MEM_STATUS)
VALUES ('USER05',
        'PASS05',
        'kay_eff_ssy@naver.com',
        '박주현',
        '01073662511',
        05746,
        '서울특별시 송파구 성내천로29길',
        '24-8(마천동)',
        '2022-07-01',
        200,
        'resources/image/profile/profile_5',
        'Y',
        '2000-10-30',
        '1',
        'N');  
               
INSERT INTO TB_COUPON(COU_ID,
                      COU_NAME,
                      COU_DETAIL,
                      COU_IMG,
                      COU_EXPIRE,
                      COU_CONDITION_1,
                      COU_CONDITION_2,
                      COU_CONDITION_3,
                      COU_REGDATE,
                      COU_EDIT_DATE,
                      COU_DISCOUNT)
VALUES (SEQ_COUPON.NEXTVAL,
        '크리스마스 혜택',
        '12월을 맞이해 회원님들께 드리는 특별한 화이트 세일! 눈내린 크리스마트 트리 어때요? 해당 상품들중 1 구매시 해당 값 50% 세일!',
        'resources/image/coupon/coupon_01',
        '2022-12-31',
        1,
        3,
        '1/2/3/4', -- 상품번호
        '2022-12-10',
        NULL,
        0.5);
        
INSERT INTO TB_COUPON(COU_ID,
                      COU_NAME,
                      COU_DETAIL,
                      COU_IMG,
                      COU_EXPIRE,
                      COU_CONDITION_1,
                      COU_CONDITION_2,
                      COU_CONDITION_3,
                      COU_REGDATE,
                      COU_EDIT_DATE,
                      COU_DISCOUNT)
VALUES (SEQ_COUPON.NEXTVAL,
        '개발자가 쏜다',
        '웹사이트 개설 기념 개발자가 3월 11일부터 1달동안 10000원 무료 구매권을 제공합니다~!',
        'resources/image/coupon/coupon_02',
        '2023-04-11',
        4,
        1,
        '2022-03-11',
        '2022-03-01',
        NULL,
        10000);

INSERT INTO TB_COUPON(COU_ID,
                      COU_NAME,
                      COU_DETAIL,
                      COU_IMG,
                      COU_EXPIRE,
                      COU_CONDITION_1,
                      COU_CONDITION_2,
                      COU_CONDITION_3,
                      COU_REGDATE,
                      COU_EDIT_DATE,
                      COU_DISCOUNT)
VALUES (SEQ_COUPON.NEXTVAL,
        '연인과 함께 향긋한 발렌타인',
        '발렌타인에 뭐 선물하지? 고민은 노노! 다들 고민이 많을땐 아묻따 FLEURYOUNG으로~ 회원 10% 할인',
        'resources/image/coupon/coupon_03',
        '2023-03-14',
        1,
        1,
        '2023-02-14', 
        '2023-02-05',
        NULL,
        0.1);

INSERT INTO TB_COUPON(COU_ID,
                      COU_NAME,
                      COU_DETAIL,
                      COU_IMG,
                      COU_EXPIRE,
                      COU_CONDITION_1,
                      COU_CONDITION_2,
                      COU_CONDITION_3,
                      COU_REGDATE,
                      COU_EDIT_DATE,
                      COU_DISCOUNT)
VALUES (SEQ_COUPON.NEXTVAL,
        '봄맞이 이벤트',
        '봄맞이 꽃동산 꾸미기~ 다들 정원은 안녕하신가요? 꽃씨 모음 10종중 1택 5000원 지원해요',
        'resources/image/coupon/coupon_04',
        '2023-05-20',
        1,
        3,
        '5/6/7/8/9/10/11/12/13/14', -- 상품번호
        '2023-03-01',
        NULL,
        5000);
        
INSERT INTO TB_COUPON(COU_ID,
                      COU_NAME,
                      COU_DETAIL,
                      COU_IMG,
                      COU_EXPIRE,
                      COU_CONDITION_1,
                      COU_CONDITION_2,
                      COU_CONDITION_3,
                      COU_REGDATE,
                      COU_EDIT_DATE,
                      COU_DISCOUNT)
VALUES (SEQ_COUPON.NEXTVAL,
        '뉴비들~ 여기 선물요!',
        '새로 가입한 회원들에게 15000원 할인 쿠폰을 드려요',
        'resources/image/coupon/coupon_05',
        NULL,
        3,
        NULL,
        NULL,
        '2022-03-01',
        NULL,
        15000);
--------------------------------------------------------                      
INSERT INTO TB_MEM_ORDER(ORD_ID,
                         MEM_ID,
                         ORD_DATE,
                         ORD_POSTAL,
                         ORD_STREET,
                         ORD_ADDRESS,
                         ORD_RECIEVER_NAME,
                         ORD_RECIEVER_PHONE,
                         ORD_REQUEST)
VALUES (SEQ_MEM_ORDER.NEXTVAL,
        'USER01',
        '2023-02-03',
        36106,
        '경상북도 영주시 지천로157번길',
        '11(가흥동)',
        '김아재',
        '01098777928',
        '빠른배송 부탁드립니다.');       
        
INSERT INTO TB_MEM_ORDER(ORD_ID,
                         MEM_ID,
                         ORD_DATE,
                         ORD_POSTAL,
                         ORD_STREET,
                         ORD_ADDRESS,
                         ORD_RECIEVER_NAME,
                         ORD_RECIEVER_PHONE,
                         ORD_REQUEST)
VALUES (SEQ_MEM_ORDER.NEXTVAL,
        'USER02',
        '2023-02-03',
        46759,
        '부산광역시 강서구 신호산단4로64번길',
        '18-20(신호동)',
        '박조우',
        '01039981544',
        '싱싱한걸로 보내주세요.');  
        
INSERT INTO TB_MEM_ORDER(ORD_ID,
                         MEM_ID,
                         ORD_DATE,
                         ORD_POSTAL,
                         ORD_STREET,
                         ORD_ADDRESS,
                         ORD_RECIEVER_NAME,
                         ORD_RECIEVER_PHONE,
                         ORD_REQUEST)
VALUES (SEQ_MEM_ORDER.NEXTVAL,
        'USER03',
        '2023-02-04',
        04308,
        '서울특별시 용산구 청파로57길',
        '12(청파동1가)',
        '이시연',
        '01011827635',
        NULL);  
        
INSERT INTO TB_MEM_ORDER(ORD_ID,
                         MEM_ID,
                         ORD_DATE,
                         ORD_POSTAL,
                         ORD_STREET,
                         ORD_ADDRESS,
                         ORD_RECIEVER_NAME,
                         ORD_RECIEVER_PHONE,
                         ORD_REQUEST)
VALUES (SEQ_MEM_ORDER.NEXTVAL,
        'USER04',
        '2023-02-05',
        16267,
        '경기도 수원시 장안구 수성로382번길',
        '27-13(영화동)',
        '유희연',
        '01093884736',
        '서프라이즈로 해주세요');
        
INSERT INTO TB_MEM_ORDER(ORD_ID,
                         MEM_ID,
                         ORD_DATE,
                         ORD_POSTAL,
                         ORD_STREET,
                         ORD_ADDRESS,
                         ORD_RECIEVER_NAME,
                         ORD_RECIEVER_PHONE,
                         ORD_REQUEST)
VALUES (SEQ_MEM_ORDER.NEXTVAL,
        'USER05',
        '2023-02-05',
        61447,
        '광주광역시 동구 지호로',
        '137-1(지산동)',
        '전정호',
        '01064553622',
        NULL);
--------------------------------------------------------
INSERT INTO TB_MEM_ORDER_DETAIL(OD_ID,
                                OD_COUNT,
                                OD_STATUS,
                                ORD_ID,
                                P_ID,
                                MEM_ID)
VALUES (SEQ_MEM_ORDER_DETAIL.NEXTVAL,
        3,
        3,
        '1', -- 주문번호
        '1', -- 상품번호
        'USER01');

INSERT INTO TB_MEM_ORDER_DETAIL(OD_ID,
                                OD_COUNT,
                                OD_STATUS,
                                ORD_ID,
                                P_ID,
                                MEM_ID)
VALUES (SEQ_MEM_ORDER_DETAIL.NEXTVAL,
        3,
        3,
        '2', -- 주문번호
        '2', -- 상품번호
        'USER02');

INSERT INTO TB_MEM_ORDER_DETAIL(OD_ID,
                                OD_COUNT,
                                OD_STATUS,
                                ORD_ID,
                                P_ID,
                                MEM_ID)
VALUES (SEQ_MEM_ORDER_DETAIL.NEXTVAL,
        1,
        3,
        '3', -- 주문번호
        '3', -- 상품번호
        'USER03');
        
INSERT INTO TB_MEM_ORDER_DETAIL(OD_ID,
                                OD_COUNT,
                                OD_STATUS,
                                ORD_ID,
                                P_ID,
                                MEM_ID)
VALUES (SEQ_MEM_ORDER_DETAIL.NEXTVAL,
        1,
        2,
        '4', -- 주문번호
        '4', -- 상품번호
        'USER04');
        
INSERT INTO TB_MEM_ORDER_DETAIL(OD_ID,
                                OD_COUNT,
                                OD_STATUS,
                                ORD_ID,
                                P_ID,
                                MEM_ID)
VALUES (SEQ_MEM_ORDER_DETAIL.NEXTVAL,
        2,
        2,
        '5', -- 주문번호
        '5', -- 상품번호
        'USER05');
--------------------------------------------------------                
INSERT INTO TB_MEM_CARD(OD_ID,
                        RIBBON_LEFT,
                        RIBBON_RIGHT,
                        RIBBON_COMMENT)
VALUES ('1', -- 주문번호
        NULL,
        NULL,
        '사랑해 연진아');                      
                                        
INSERT INTO TB_MEM_CARD(OD_ID,
                        RIBBON_LEFT,
                        RIBBON_RIGHT,
                        RIBBON_COMMENT)
VALUES ('2', -- 주문번호
        '이쁘다',
        '축하해',
        '나도 곧 갈게');   

INSERT INTO TB_MEM_CARD(OD_ID,
                        RIBBON_LEFT,
                        RIBBON_RIGHT,
                        RIBBON_COMMENT)
VALUES ('3', -- 주문번호
        NULL,
        NULL,
        NULL);   

INSERT INTO TB_MEM_CARD(OD_ID,
                        RIBBON_LEFT,
                        RIBBON_RIGHT,
                        RIBBON_COMMENT)
VALUES ('4', -- 주문번호
        NULL,
        '너를 사랑하는 누군가가',
        '이걸 보면서 항상 날 기억해');   

INSERT INTO TB_MEM_CARD(OD_ID,
                        RIBBON_LEFT,
                        RIBBON_RIGHT,
                        RIBBON_COMMENT)
VALUES ('5', -- 주문번호
        NULL,
        NULL,
        NULL);   
--------------------------------------------------------     
INSERT INTO TB_MEM_REFUND(OD_ID,
                        REFUND_TYPE,
                        REFUND_TITLE,
                        REFUND_COMMENT,
                        REFUND_IMG,
                        REFUND_APPROVAL_STATUS,
                        REFUND_STATUS)
VALUES ('1', -- 주문번호
        2,
        '별로에요',
        '와서 보니까 별로네용 ㅎㅎ 바꿔죵',
        'resources/image/refund/refund_01',
        2,
        3); 
 
INSERT INTO TB_MEM_REFUND(OD_ID,
                        REFUND_TYPE,
                        REFUND_TITLE,
                        REFUND_COMMENT,
                        REFUND_IMG,
                        REFUND_APPROVAL_STATUS,
                        REFUND_STATUS)
VALUES ('2', -- 주문번호
        3,
        '시들었어요',
        '꽃이 이따구면 어떻게 선물합니까..',
        'resources/image/refund/refund_02',
        1,
        3); 
 
INSERT INTO TB_MEM_REFUND(OD_ID,
                        REFUND_TYPE,
                        REFUND_TITLE,
                        REFUND_COMMENT,
                        REFUND_IMG,
                        REFUND_APPROVAL_STATUS,
                        REFUND_STATUS)
VALUES ('3', -- 주문번호
        1,
        '색을 잘못 골랐어요',
        '색깔을 잘못 선택했어요.. 제발 바꿔주세요',
        'resources/image/refund/refund_03',
        1,
        3); 
        
INSERT INTO TB_MEM_REFUND(OD_ID,
                        REFUND_TYPE,
                        REFUND_TITLE,
                        REFUND_COMMENT,
                        REFUND_IMG,
                        REFUND_APPROVAL_STATUS,
                        REFUND_STATUS)
VALUES ('4', -- 주문번호
        2,
        '환불해줘요',
        '지인이 사준건데 전 영 별로라서',
        NULL,
        3,
        1); 
        
INSERT INTO TB_MEM_REFUND(OD_ID,
                        REFUND_TYPE,
                        REFUND_TITLE,
                        REFUND_COMMENT,
                        REFUND_IMG,
                        REFUND_APPROVAL_STATUS,
                        REFUND_STATUS)
VALUES (5, -- 주문번호
        1,
        '저희 집 사이즈에 안맞네요',
        '작은 사이즈로 변경하고 싶어요',
        'resources/image/refund/refund_05',
        1,
        2); 
        
 --------------------------------------------------------
INSERT INTO TB_VERIFICATION(VERIF_ID,
                            MEM_ID,
                            VERIF_EMAIL,
                            VERIF_TYPE,
                            VERIF_CREATE_DATE,
                            VERIF_USED_DATE,
                            VERIF_DEL_YN)
VALUES (SEQ_VERIFICATION.NEXTVAL,
        'USER01',
        'KAO019',
        4,
        '2023-02-05',
        NULL,
        'N');
        
INSERT INTO TB_VERIFICATION(VERIF_ID,
                            MEM_ID,
                            VERIF_EMAIL,
                            VERIF_TYPE,
                            VERIF_CREATE_DATE,
                            VERIF_USED_DATE,
                            VERIF_DEL_YN)
VALUES (SEQ_VERIFICATION.NEXTVAL,
        'USER01',
        'PAU736',
        4,
        '2023-01-05',
        '2023-01-06',
        'N');

INSERT INTO TB_VERIFICATION(VERIF_ID,
                            MEM_ID,
                            VERIF_EMAIL,
                            VERIF_TYPE,
                            VERIF_CREATE_DATE,
                            VERIF_USED_DATE,
                            VERIF_DEL_YN)
VALUES (SEQ_VERIFICATION.NEXTVAL,
        'USER03',
        'PAZ544',
        1,
        '2022-12-18',
        '2022-12-18',
        'N');
        
INSERT INTO TB_VERIFICATION(VERIF_ID,
                            MEM_ID,
                            VERIF_EMAIL,
                            VERIF_TYPE,
                            VERIF_CREATE_DATE,
                            VERIF_USED_DATE,
                            VERIF_DEL_YN)
VALUES (SEQ_VERIFICATION.NEXTVAL,
        'USER04',
        'OFJ165',
        2,
        '2023-01-30',
        NULL,
        'Y');
 
INSERT INTO TB_VERIFICATION(VERIF_ID,
                            MEM_ID,
                            VERIF_EMAIL,
                            VERIF_TYPE,
                            VERIF_CREATE_DATE,
                            VERIF_USED_DATE,
                            VERIF_DEL_YN)
VALUES (SEQ_VERIFICATION.NEXTVAL,
        'USER05',
        'PLK667',
        3,
        '2023-01-20',
        '2023-01-20',
        'N');                     
--------------------------------------------------------
INSERT INTO TB_OWNED_COUPON(MEM_ID,
                            COU_ID,
                            COU_USED_YN)
VALUES ('USER01',
        '1',
        'Y');
        
INSERT INTO TB_OWNED_COUPON(MEM_ID,
                            COU_ID,
                            COU_USED_YN)
VALUES ('USER02',
        '2',
        'Y');
        
INSERT INTO TB_OWNED_COUPON(MEM_ID,
                            COU_ID,
                            COU_USED_YN)
VALUES ('USER03',
        '3',
        'Y');
        
INSERT INTO TB_OWNED_COUPON(MEM_ID,
                            COU_ID,
                            COU_USED_YN)
VALUES ('USER04',
        '4',
        'Y');
        
INSERT INTO TB_OWNED_COUPON(MEM_ID,
                            COU_ID,
                            COU_USED_YN)
VALUES ('USER05',
        '5',
        'Y');
--------------------------------------------------------     
 
 
    

            


--CART01
INSERT INTO TB_CART
            (
             MEM_ID
            ,P_ID
            ,CART_STOCK
            ,CART_ADD_DATE
            )
        VALUES
            (
             'USER01'
            ,1
            ,3
            ,SYSDATE
            );
            


--CART02
INSERT INTO TB_CART
            (
             MEM_ID
            ,P_ID
            ,CART_STOCK
            ,CART_ADD_DATE
            )
        VALUES
            (
             'USER02'
            ,2
            ,6
            ,SYSDATE
            );
            

--CART03
INSERT INTO TB_CART
            (
             MEM_ID
            ,P_ID
            ,CART_STOCK
            ,CART_ADD_DATE
            )
        VALUES
            (
             'USER03'
            ,3
            ,2
            ,SYSDATE
            );
            
--CART04
INSERT INTO TB_CART
            (
             MEM_ID
            ,P_ID
            ,CART_STOCK
            ,CART_ADD_DATE
            )
        VALUES
            (
             'USER04'
            ,4
            ,1
            ,SYSDATE
            );

--CART05
INSERT INTO TB_CART
            (
             MEM_ID
            ,P_ID
            ,CART_STOCK
            ,CART_ADD_DATE
            )
        VALUES
            (
             'USER05'
            ,5
            ,1
            ,SYSDATE
            );          

            

            
--REVIEW01          
INSERT INTO TB_REVIEW
            (
              REVIEW_ID
             ,REVIEW_RATING
             ,REVIEW_DETAIL
             ,REVIEW_IMG
             ,REVIEW_ADD_DATE
             ,OD_ID
             ,P_ID
             )
        VALUES
            (
             SEQ_REVIEW.NEXTVAL
            ,4
            ,'잘 받았습니다~'
            ,'semi\resources\REVIEW01'
            ,'2023-02-05'
            ,1
            ,1
            );
            
--REVIEW02    
INSERT INTO TB_REVIEW
            (
              REVIEW_ID
             ,REVIEW_RATING
             ,REVIEW_DETAIL
             ,REVIEW_IMG
             ,REVIEW_ADD_DATE
             ,OD_ID
             ,P_ID
             )
        VALUES
            (
             SEQ_REVIEW.NEXTVAL
            ,5
            ,'너무 예뻐요~!'
            ,'semi\resources\REVIEW02'
            ,'2023-02-06'
            ,2
            ,2
            );
            
--REVIEW03          
INSERT INTO TB_REVIEW
            (
              REVIEW_ID
             ,REVIEW_RATING
             ,REVIEW_DETAIL
             ,REVIEW_IMG
             ,REVIEW_ADD_DATE
             ,OD_ID
             ,P_ID
             )
        VALUES
            (
             SEQ_REVIEW.NEXTVAL
            ,5
            ,'배송도 빠르고 꽃도 예뻐요~'
            ,'semi\resources\REVIEW03'
            ,'2023-02-07'
            ,3
            ,3
            );
            
--REVIEW04        
INSERT INTO TB_REVIEW
            (
              REVIEW_ID
             ,REVIEW_RATING
             ,REVIEW_DETAIL
             ,REVIEW_IMG
             ,REVIEW_ADD_DATE
             ,OD_ID
             ,P_ID
             )
        VALUES
            (
             SEQ_REVIEW.NEXTVAL
            ,3
            ,'배송은 빠른데 꽃 줄기에 진드기가 붙어있어요ㅠㅠ'
            ,'semi\resources\REVIEW04'
            ,'2023-02-06'
            ,4
            ,4
            );
            
--REVIEW05       
INSERT INTO TB_REVIEW
            (
              REVIEW_ID
             ,REVIEW_RATING
             ,REVIEW_DETAIL
             ,REVIEW_IMG
             ,REVIEW_ADD_DATE
             ,OD_ID
             ,P_ID
             )
        VALUES
            (
             SEQ_REVIEW.NEXTVAL
            ,5
            ,'배송도 빠르고 꽃도 예뻐요!
            앞으로 꽃 살 일 생기면 여기서 시킬께요~'
            ,'semi\resources\REVIEW05'
            ,'2023-02-04'
            ,5
            ,5
            );
            
            
            
                        
            
            
            
            
--REVIEW_LIKE01
INSERT INTO TB_REVIEW_LIKE
            (
             MEM_ID
            ,REVIEW_ID
            ,LIKE_DATE
            )
        VALUES
            (
             'USER01'
            ,1
            ,'2023-02-07'
            );
            
--REVIEW_LIKE02
INSERT INTO TB_REVIEW_LIKE
            (
             MEM_ID
            ,REVIEW_ID
            ,LIKE_DATE
            )
        VALUES
            (
             'USER02'
            ,2
            ,'2023-02-08'
            );
            
--REVIEW_LIKE03
INSERT INTO TB_REVIEW_LIKE
            (
             MEM_ID
            ,REVIEW_ID
            ,LIKE_DATE
            )
        VALUES
            (
             'USER03'
            ,3
            ,'2023-02-09'
            );
            
--REVIEW_LIKE04
INSERT INTO TB_REVIEW_LIKE
            (
             MEM_ID
            ,REVIEW_ID
            ,LIKE_DATE
            )
        VALUES
            (
             'USER04'
            ,4
            ,'2023-02-10'
            );
            
--REVIEW_LIKE05
INSERT INTO TB_REVIEW_LIKE
            (
             MEM_ID
            ,REVIEW_ID
            ,LIKE_DATE
            )
        VALUES
            (
             'USER05'
            ,5
            ,'2023-02-11'
            );
            
            
            
            
            
--REVIEW_COMMENT01
INSERT INTO TB_REVIEW_COMMENT
                (
                 COMMENT_NO
                ,COMMENT_MESSAGE
                ,COMMENT_DATE
                ,REVIEW_ID
                )
            VALUES
            (
            SEQ_REVIEW_COMMENT.NEXTVAL
            ,'배송 얼마나 걸렸어요?'
            ,'2023-02-11'
            ,1
            );
            
            
--REVIEW_COMMENT02
INSERT INTO TB_REVIEW_COMMENT
                (
                 COMMENT_NO
                ,COMMENT_MESSAGE
                ,COMMENT_DATE
                ,REVIEW_ID
                )
            VALUES
            (
            SEQ_REVIEW_COMMENT.NEXTVAL
            ,'정말 예쁘네요~'
            ,'2023-02-12'
            ,2
            );
            
--REVIEW_COMMENT03
INSERT INTO TB_REVIEW_COMMENT
                (
                 COMMENT_NO
                ,COMMENT_MESSAGE
                ,COMMENT_DATE
                ,REVIEW_ID
                )
            VALUES
            (
            SEQ_REVIEW_COMMENT.NEXTVAL
            ,'물 며칠에 한번 주고 계세요?'
            ,'2023-02-13'
            ,3
            );
            
--REVIEW_COMMENT04
INSERT INTO TB_REVIEW_COMMENT
                (
                 COMMENT_NO
                ,COMMENT_MESSAGE
                ,COMMENT_DATE
                ,REVIEW_ID
                )
            VALUES
            (
            SEQ_REVIEW_COMMENT.NEXTVAL
            ,'꽃 정말 예쁘네요~예쁘게 키우세요~'
            ,'2023-02-14'
            ,4
            );
            
--REVIEW_COMMENT05
INSERT INTO TB_REVIEW_COMMENT
                (
                 COMMENT_NO
                ,COMMENT_MESSAGE
                ,COMMENT_DATE
                ,REVIEW_ID
                )
            VALUES
            (
            SEQ_REVIEW_COMMENT.NEXTVAL
            ,'사진 어떻게 찍으셨어요? 진짜 잘 찍으셨어용!'
            ,'2023-02-15'
            ,5
            );
            
            


-- 자주하는 질문 (TB_FAQ)
-- 자주하는 질문1
INSERT 
 INTO TB_FAQ
      (
          FAQ_ID
        , FAQ_CATEGORY
        , FAQ_TITLE
        , FAQ_COMMENT
        , FAQ_REGDATE
        , FAQ_UPDATE
      )
VALUES
      (
         SEQ_FAQ.NEXTVAL
      , '회원'
      , '아이디,비밀번호를 잊어버렸습니다.'
      , '■ 아이디, 비밀번호 찾기 안내


- 하기 경로를 통해 아이디 및 비밀번호 찾기가 가능하며, 임시 비밀번호의 경우 회원가입 시 등록한 이메일 주소로 발송 됩니다.


▣ 가입시 기재한 메일 주소가 기억나지 않으시거나 오류가 발생하는 경우 고객센터로 문의 바랍니다.

▣ 상담시에는 고객님의 개인정보보호를 위해 기존에 사용하시던 비밀번호는 안내가 불가하며, 개인정보 확인 후 임시비밀번호를 설정해드립니다.'
      , SYSDATE
      , SYSDATE
      );

-- 자주하는 질문2
INSERT 
 INTO TB_FAQ
      (
          FAQ_ID
        , FAQ_CATEGORY
        , FAQ_TITLE
        , FAQ_COMMENT
        , FAQ_REGDATE
        , FAQ_UPDATE
      )
VALUES
      (
         SEQ_FAQ.NEXTVAL
      , '주문'
      , '주문한 내역은 어디에서 확인하나요?'
      , '■ 마이페이지 -주문배송 - 주문 내역'
      , SYSDATE
      , SYSDATE
      );

-- 자주하는 질문3
INSERT 
 INTO TB_FAQ
      (
          FAQ_ID
        , FAQ_CATEGORY
        , FAQ_TITLE
        , FAQ_COMMENT
        , FAQ_REGDATE
        , FAQ_UPDATE
      )
VALUES
      (
         SEQ_FAQ.NEXTVAL
      , '회원 서비스'
      , '쿠폰은 어떻게 사용하나요?'
      , '■ Fleuryoung에서 발행한 쿠폰은 "주문 결제" 단계에서 사용 가능합니다.'
      , SYSDATE
      , SYSDATE
      );
      
-- 자주하는 질문4
INSERT 
 INTO TB_FAQ
      (
          FAQ_ID
        , FAQ_CATEGORY
        , FAQ_TITLE
        , FAQ_COMMENT
        , FAQ_REGDATE
        , FAQ_UPDATE
      )
VALUES
      (
         SEQ_FAQ.NEXTVAL
      , '주문'
      , '주문/결제'
      , '■ 주문 이후 결제 수단은 변경 할 수 없어요!'
      , SYSDATE
      , SYSDATE
      );

-- 자주하는 질문5
INSERT 
 INTO TB_FAQ
      (
          FAQ_ID
        , FAQ_CATEGORY
        , FAQ_TITLE
        , FAQ_COMMENT
        , FAQ_REGDATE
        , FAQ_UPDATE
      )
VALUES
      (
         SEQ_FAQ.NEXTVAL
      , '회원'
      , '비밀번호를 어디서 변경하나요?'
      , '■ 마이페이지 - 회원정보수정 - 비밀번호변경'
      , SYSDATE
      , SYSDATE
      );

----------------------------------------------------------------------------------------------------------------------------------------------------------      

-- 공지사항1
INSERT 
 INTO TB_NOTICE
      (
          NOTICE_ID
        , NOTICE_TITLE
        , NOTICE_COMMENT
        , NOTICE_REGDATE
      )
VALUES
      (
         SEQ_NOTICE.NEXTVAL
      , '[안내] 개인정보처리방침 개정 내용 사전안내'
      , '안녕하세요 고객님, 개인정보처리방침 변경 예정입니다.'
      , SYSDATE
      );

-- 공지사항2
INSERT 
 INTO TB_NOTICE
      (
          NOTICE_ID
        , NOTICE_TITLE
        , NOTICE_COMMENT
        , NOTICE_REGDATE
      )
VALUES
      (
         SEQ_NOTICE.NEXTVAL
      , '[안내] FLEURYOUNG 오픈'
      , '안녕하세요 고객님, FLEURYOUNG 오픈일은 4월 15일입니다.'
      , SYSDATE
      );

-- 공지사항3
INSERT 
 INTO TB_NOTICE
      (
          NOTICE_ID
        , NOTICE_TITLE
        , NOTICE_COMMENT
        , NOTICE_REGDATE
      )
VALUES
      (
         SEQ_NOTICE.NEXTVAL
      , '[안내] 추석 연휴 배송 지연 안내'
      , '고객님의 양해 부탁드리며, 아래 내용 확인하셔서 이용에 불편 없으시기를 바랍니다.'
      , SYSDATE
      );

-- 공지사항4
INSERT 
 INTO TB_NOTICE
      (
          NOTICE_ID
        , NOTICE_TITLE
        , NOTICE_COMMENT
        , NOTICE_REGDATE
      )
VALUES
      (
         SEQ_NOTICE.NEXTVAL
      , '[필독] 꽃값 폭등으로 인한 가격 인상 안내'
      , '안녕하세요, 고객님
현재 꽃 수입 지연, 전세계적인 물가인상으로 인한 꽃값 폭등,전쟁 고유가로 인한
물류배송차질로 인해 일부 상품의 가격인상을 점차적으로 적용하게 되었습니다.
불가피한 상황으로 가격을 인상하게 된 점 너그러히 양해부탁드립니다.
감사합니다.'
      , SYSDATE
      );
      
-- 공지사항5
INSERT 
 INTO TB_NOTICE
      (
          NOTICE_ID
        , NOTICE_TITLE
        , NOTICE_COMMENT
        , NOTICE_REGDATE
      )
VALUES
      (
         SEQ_NOTICE.NEXTVAL
      , '[안내] 주소변경과 주문내용 변경'
      , '고객님들이 게시판에 주소변경과 주문내용 변경을

요청하시는 분들이 계신데

게시판에 글을 쓰시면

빠른 변경을 도와드리기가 어려워

변경 요청하신 사항이 제대로 변경되지 않을 수가 있습니다

주소변경과 주문내용 변경 시에는

꼭!!! 전화주셔서 변경요청 부탁드립니다

감사합니다 좋은하루되세요~'
      , SYSDATE
      );

----------------------------------------------------------------------------------------------------------------------------------------------------------

-- 최근검색어1
INSERT 
 INTO TB_SEARCH
      (
          MEM_ID
        , SEARCH_KEYWORD
        , SEARCH_DATE
      )
VALUES
      (
        'USER01'
      , '꽃다발'
      , SYSDATE
      );

-- 최근검색어2
INSERT 
 INTO TB_SEARCH
      (
          MEM_ID
        , SEARCH_KEYWORD
        , SEARCH_DATE
      )
VALUES
      (
        'USER01'
      , '튤립'
      , SYSDATE
      );

-- 최근검색어3
INSERT 
 INTO TB_SEARCH
      (
          MEM_ID
        , SEARCH_KEYWORD
        , SEARCH_DATE
      )
VALUES
      (
        'USER02'
      , '선물'
      , SYSDATE
      );

-- 최근검색어4
INSERT 
 INTO TB_SEARCH
      (
          MEM_ID
        , SEARCH_KEYWORD
        , SEARCH_DATE
      )
VALUES
      (
        'USER02'
      , '화환'
      , SYSDATE
      );

-- 최근검색어5
INSERT 
 INTO TB_SEARCH
      (
          MEM_ID
        , SEARCH_KEYWORD
        , SEARCH_DATE
      )
VALUES
      (
        'USER02'
      , '꽃 ㄷ ㅏ 바 ㄹ'
      , SYSDATE
      );

----------------------------------------------------------------------------------------------------------------------------------------------------------

-- 찜하기1
INSERT 
 INTO TB_WISHLIST
      (
          MEM_ID
        , P_ID
        , WISHLIST_DATE
      )
VALUES
      (
        'USER01'
      , 5
      , SYSDATE
      );

-- 찜하기2
INSERT 
 INTO TB_WISHLIST
      (
          MEM_ID
        , P_ID
        , WISHLIST_DATE
      )
VALUES
      (
        'USER01'
      , 4
      , SYSDATE
      );

-- 찜하기3
INSERT 
 INTO TB_WISHLIST
      (
          MEM_ID
        , P_ID
        , WISHLIST_DATE
      )
VALUES
      (
        'USER02'
      , 3
      , SYSDATE
      );
      
-- 찜하기4
INSERT 
 INTO TB_WISHLIST
      (
          MEM_ID
        , P_ID
        , WISHLIST_DATE
      )
VALUES
      (
        'USER03'
      , 2
      , SYSDATE
      );

-- 찜하기5
INSERT 
 INTO TB_WISHLIST
      (
          MEM_ID
        , P_ID
        , WISHLIST_DATE
      )
VALUES
      (
        'USER01'
      , 1
      , SYSDATE
      );
----------------------------------------------------------------------------------------------------------------------------------------------------------

-- 결제정보1
INSERT 
 INTO TB_MEM_PAYMENT
      (
          PAY_ID
        , OD_ID
        , TOTAL_PAY
        , PAY_DATE
      )
VALUES
      (
        SEQ_MEM_PAYMENT.NEXTVAL
      , 5
      , 10000
      , SYSDATE
      );

-- 결제정보2
INSERT 
 INTO TB_MEM_PAYMENT
      (
          PAY_ID
        , OD_ID
        , TOTAL_PAY
        , PAY_DATE
      )
VALUES
      (
        SEQ_MEM_PAYMENT.NEXTVAL
      , 4
      , 20000
      , SYSDATE
      );
      
-- 결제정보3
INSERT 
 INTO TB_MEM_PAYMENT
      (
          PAY_ID
        , OD_ID
        , TOTAL_PAY
        , PAY_DATE
      )
VALUES
      (
        SEQ_MEM_PAYMENT.NEXTVAL
      , 3
      , 30000
      , SYSDATE
      );    

-- 결제정보4
INSERT 
 INTO TB_MEM_PAYMENT
      (
          PAY_ID
        , OD_ID
        , TOTAL_PAY
        , PAY_DATE
      )
VALUES
      (
        SEQ_MEM_PAYMENT.NEXTVAL
      , 2
      , 40000
      , SYSDATE
      );
      
-- 결제정보5
INSERT 
 INTO TB_MEM_PAYMENT
      (
          PAY_ID
        , OD_ID
        , TOTAL_PAY
        , PAY_DATE
      )
VALUES
      (
        SEQ_MEM_PAYMENT.NEXTVAL
      , 1
      , 50000
      , SYSDATE
      );      



--▶▶▶▶
-- 상품신고 테이블 신고번호 PK (NUMBER)
--                상품번호 (VAR 20) , 개인회원ID  (VAR 12)  외래키

-- 상품신고1
INSERT
  INTO TB_PRODUCT_REPORT
    (
            REPORT_ID  
          , REPORT_CATEGORY  
          , REPORT_COMMENT  
          , P_ID             
          , MEM_ID 
    )
VALUES
    (
          SEQ_PRODUCT_REPORT.NEXTVAL
        , 1
        , '상세페이지에 있는 꽃과 다른꽃이 배송왔어요 ㅡㅡ 
            꽃이 없으면 다른꽃으로 배송온다고 말을 해주시던가요 아니면 상세페이지 꽃이 잘못올라간건가여??'
        , 1
        , 'USER01'
    );
    
    
    
-- 상품신고2
INSERT
  INTO TB_PRODUCT_REPORT
    (
            REPORT_ID  
          , REPORT_CATEGORY  
          , P_ID             
          , MEM_ID 
    )
VALUES
    (
         SEQ_PRODUCT_REPORT.NEXTVAL
        , 2
        , 2
        , 'USER02'
    );    
    
    
    

    
    
    
 -- 상품신고3
INSERT
  INTO TB_PRODUCT_REPORT
    (
            REPORT_ID  
          , REPORT_CATEGORY  
          , P_ID             
          , MEM_ID 
    )
VALUES
    (
         SEQ_PRODUCT_REPORT.NEXTVAL
        , 3
        , 3
        , 'USER03'
    );       
    
    
   

-- 상품신고4
INSERT
  INTO TB_PRODUCT_REPORT
    (
            REPORT_ID  
          , REPORT_CATEGORY  
          , REPORT_COMMENT  
          , P_ID             
          , MEM_ID 
    )
VALUES
    (
         SEQ_PRODUCT_REPORT.NEXTVAL
        , 1
        , '대량주문했는데 몇 난 제품에 곰팡이가 핀 제품을 출고했네여;; 재고관리 어떤식으로 하시는거죠?
            환불,교환 연락드렸는데 출고할때는 이상없다는 말만 하고 결국은 못해주겠다는거잖아요
            그럼 상세페이지에도 곰팡이 핀 제품 올리시지 그래요? 제가 키우다가 곰팡이 폈다고 연락드린것도 아니고
            받자마자 상품보고 연락드렸는데 이게 맞나요? 해당 가게 조치부탁드립니다'
        , 4
        , 'USER04'
    );
        
    
    
 -- 상품신고5
INSERT
  INTO TB_PRODUCT_REPORT
    (
            REPORT_ID  
          , REPORT_CATEGORY  
          , P_ID             
          , MEM_ID 
    )
VALUES
    (
          SEQ_PRODUCT_REPORT.NEXTVAL
        , 3
        , 5
        , 'USER05'
    );       
    
    
    
    
    
    
    
 --▶▶▶▶   
 -- 즐겨찾기 테이블
 
 -- 즐겨찾기1
 INSERT
    INTO TB_BOOKMARK
    (
          MEM_ID      
        , SEL_ID   
    )
VALUES
    (
        'USER01'
        , 'SEL_FLO_01'
    );
    
    
    
 -- 즐겨찾기2
 INSERT
    INTO TB_BOOKMARK
    (
          MEM_ID      
        , SEL_ID   
    )
VALUES
    (
        'USER02'
        , 'SEL_FLO_02'
    );
    
    
    
-- 즐겨찾기3
 INSERT
    INTO TB_BOOKMARK
    (
          MEM_ID      
        , SEL_ID   
    )
VALUES
    (
        'USER03'
        , 'SEL_FLO_03'
    );
    
    
    
    
    
-- 즐겨찾기4
 INSERT
    INTO TB_BOOKMARK
    (
          MEM_ID      
        , SEL_ID   
    )
VALUES
    (
        'USER04'
        , 'SEL_FLO_04'
    );
    
    
    
    
-- 즐겨찾기5
 INSERT
    INTO TB_BOOKMARK
    (
          MEM_ID      
        , SEL_ID   
    )
VALUES
    (
        'USER05'
        , 'SEL_FLO_05'
    );
    
    
    
    
  
  
  
  
  
--▶▶▶▶ 
 -- 문의 테이블   문의번호  NUMBER PK
 -- 상품번호 VAR (20) , 개인회원ID VAR(30)  외래키
  
  
-- 문의1
 INSERT
    INTO TB_INQUIRY
    (
          INQUIRY_ID      
        , INQUIRY_TYPE    
        , INQUIRY_TITLE   
        , INQUIRY_COMMENT 
        , P_ID            
        , MEM_ID           
    )
VALUES
    (
        SEQ_INQUIRY.NEXTVAL
        , 1
        , '실제상품과 다름'
        , '상세사진은 거베라뒤에 캡이 씌워져있어 당연히 생화라 여기고 주문했는데. 
          받아보니 중간에 작은 꽃과 거베라 3~4송이만 생화이고 전체적으로 조화가 90프로이상이라 조금 놀랐습니다.
          조화가 대부분이라는 고지를 해주시는게 좋을 것 같아요. 
          디자인상으로는 한단 계 위로 만들어주신 것 같은데 조화가 많으니 디자인을 업그레이드 해주신건가라는 생각을 했네요....
          생신 서프라이즈에는 성공했지만 주문한 제 입장에서는 속으로 많이 당황했습니다;;
          주문확인이나 배송시간 지연부분에 관한 양해사항으로 미리 연락주신 점은 좋았어요. 
          서비스적인 부분은 정말 흡족하나 생화가 아닌 부분이 너무 아쉽게 남습니다'
        , 1
        , 'USER01'
    );
    
        
        
  
  
  
-- 문의2
 INSERT
    INTO TB_INQUIRY
    (
          INQUIRY_ID      
        , INQUIRY_TYPE    
        , INQUIRY_TITLE   
        , INQUIRY_COMMENT 
        , P_ID            
        , MEM_ID           
    )
VALUES
    (
        SEQ_INQUIRY.NEXTVAL
        , 2
        , '다른색 꽃이 핀 식물로 교환요청'
        , '주문하고 색이 다른 꽃이 배송왔고 얼어서 왔어요~ 교환 요청드려요'
        , 2
        , 'USER02'
    ); 
  
  
  
  
  
  
-- 문의3
 INSERT
    INTO TB_INQUIRY
    (
          INQUIRY_ID      
        , INQUIRY_TYPE    
        , INQUIRY_TITLE   
        , INQUIRY_COMMENT 
        , P_ID            
        , MEM_ID           
    )
VALUES
    (
        SEQ_INQUIRY.NEXTVAL
        , 1
        , '상품 입고'
        , '수국 딥퍼플은 언제 입고 되나요? 그리고 중량 알려주세요'
        , 3
        , 'USER03'
    ); 
   
  
  
  
 
-- 문의4
 INSERT
    INTO TB_INQUIRY
    (
          INQUIRY_ID      
        , INQUIRY_TYPE    
        , INQUIRY_TITLE   
        , INQUIRY_COMMENT 
        , P_ID            
        , MEM_ID           
    )
VALUES
    (
        SEQ_INQUIRY.NEXTVAL
        , 5
        , '대량 주문'
        , '대량 주문 문의드립니다. 대량 주문시 가격 할인 등은 어떻게 되는지요? 감사합니다'
        , 4
        , 'USER04'
    ); 
     
  
  
  
  


-- 문의5
 INSERT
    INTO TB_INQUIRY
    (
          INQUIRY_ID      
        , INQUIRY_TYPE    
        , INQUIRY_TITLE   
        , INQUIRY_COMMENT 
        , P_ID            
        , MEM_ID           
    )
VALUES
    (
        SEQ_INQUIRY.NEXTVAL
        , 3
        , '사진하고 다름'
        , '아..색상이..안습이네요 뭐... 이렇게 허여멀건한색상인줄 몰랐습니다 
        리뷰도그렇고 상세사진도그렇고 이정도면되겠다싶어 주문한건데.
        쌩한 보라빛까진 아니더라도 이건좀.. 뭐랄까요 들판에 시들어가는 그런 느낌입니다 
        저렴이를 찾은 제문제도있겠지요.. 기존에 있 던게 너무 말라서 이번에 구매해봤는데 싼것만 찾은 제탓이 제일크겠지요 
        하지만 비교해볼수록 색감이 너무 차이나서 이건 안타깝지만 반품요청할래요 색이 너무 칙칙해요 
        전 함께올린사진에 있는 투명 유리병에 꽂은 저색을 원했던거라서요'
        , 5
        , 'USER05'
    );  
  
  


--▶▶▶▶ 
-- 문의사진 테이블
-- 문의번호 PK


-- 문의사진1
INSERT
    INTO TB_INQUIRY_PICTURE
    (
        INQUIRY_PICTURE_ID
        , INQUIRY_PICTURE_IMG
    )
VALUES
    (
        1
        , '/image/inquiry_01.png'
    );
    


-- 문의사진2
INSERT
    INTO TB_INQUIRY_PICTURE
    (
        INQUIRY_PICTURE_ID
        , INQUIRY_PICTURE_IMG
    )
VALUES
    (
        2
        , '/image/inquiry_02.png'
    );
    
    
-- 문의사진3
INSERT
    INTO TB_INQUIRY_PICTURE
    (
        INQUIRY_PICTURE_ID
        , INQUIRY_PICTURE_IMG
    )
VALUES
    (
        3
        , '/image/inquiry_03.png'
    );
    
    
    
-- 문의사진4  
INSERT
    INTO TB_INQUIRY_PICTURE
    (
        INQUIRY_PICTURE_ID
        , INQUIRY_PICTURE_IMG
    )
VALUES
    (
        4
        , '/image/inquiry_04.png'
    );
    
    
    
-- 문의사진5
INSERT
    INTO TB_INQUIRY_PICTURE
    (
        INQUIRY_PICTURE_ID
        , INQUIRY_PICTURE_IMG
    )
VALUES
    (
        5
        , '/image/inquiry_05.png'
    );






--▶▶▶▶ 
-- 송장관리 테이블   송장번호  NUMBER PK
 -- 결제번호 NUMBER , 주문상세번호 NUMBER   외래키


-- 송장관리1
INSERT
    INTO TB_MEM_INVOICE
    (
        INVOICE_ID     
        , PAY_STATUS       
        , INVOICE_REGDATE   
        , PAY_ID           
        , OD_ID
    )
VALUES
    (
        565063187345
        , 'Y'
        , SYSDATE
        , 1
        , 1
    );
    






-- 송장관리2
INSERT
    INTO TB_MEM_INVOICE
    (
        INVOICE_ID     
        , PAY_ID           
        , OD_ID
    )
VALUES
    (
        565063184582
        , 2
        , 2
    );
    



-- 송장관리3
INSERT
    INTO TB_MEM_INVOICE
    (
        INVOICE_ID          
        , INVOICE_REGDATE   
        , PAY_ID           
        , OD_ID
    )
VALUES
    (
        543763187345
        , SYSDATE
        , 3
        , 3
    );
    



-- 송장관리4
INSERT
    INTO TB_MEM_INVOICE
    (
        INVOICE_ID     
        , PAY_STATUS        
        , PAY_ID           
        , OD_ID
    )
VALUES
    (
        462063187345
        , 'Y'
        , 4
        , 4
    );





-- 송장관리5
INSERT
    INTO TB_MEM_INVOICE
    (
        INVOICE_ID     
        , PAY_STATUS       
        , INVOICE_REGDATE   
        , PAY_ID           
        , OD_ID
    )
VALUES
    (
        205382187345
        , 'N'
        , SYSDATE
        , 5
        , 5
    );
    
    
    
    
 
 
 
 
--▶▶▶▶ 
-- 택배 테이블   택배번호  NUMBER PK
 -- 송장번호 NUMBER   외래키   
    
 
 -- 택배1
 INSERT
    INTO TB_MEM_PARCEL
    (
        PARCEL_ID      
        , PARCEL_NAME    
        , PARCEL_STATUS   
        , COL_DATE         
        , INVOICE_ID     
    )
VALUES
    (
        SEQ_MEM_PARCEL.NEXTVAL
        , 'CJ택배'
        , 'Y'
        , SYSDATE
        , 565063187345
    );
    
  
  
  
  
  
   
 -- 택배2
 INSERT
    INTO TB_MEM_PARCEL
    (
        PARCEL_ID      
        , INVOICE_ID     
    )
VALUES
    (
        SEQ_MEM_PARCEL.NEXTVAL
        , 565063184582
    );  
    
    
    
    
    
    
    
 -- 택배3
 INSERT
    INTO TB_MEM_PARCEL
    (
        PARCEL_ID      
        , PARCEL_NAME           
        , INVOICE_ID     
    )
VALUES
    (
        SEQ_MEM_PARCEL.NEXTVAL
        , 'CJ택배'
        , 543763187345
    );
    
    
    

 -- 택배4
 INSERT
    INTO TB_MEM_PARCEL
    (
        PARCEL_ID      
        , PARCEL_NAME     
        , COL_DATE         
        , INVOICE_ID     
    )
VALUES
    (
        SEQ_MEM_PARCEL.NEXTVAL
        , 'CJ택배'
        , SYSDATE
        , 462063187345
    );
    
    
    
    
 -- 택배5
 INSERT
    INTO TB_MEM_PARCEL
    (
        PARCEL_ID      
        , PARCEL_NAME    
        , PARCEL_STATUS        
        , INVOICE_ID     
    )
VALUES
    (
        SEQ_MEM_PARCEL.NEXTVAL
        , 'CJ택배'
        , 'Y'
        , 205382187345
    );
    
    
    
    

 -- 택배6
 INSERT
    INTO TB_MEM_PARCEL
    (
        PARCEL_ID      
        , PARCEL_NAME    
        , PARCEL_STATUS   
        , COL_DATE         
        , INVOICE_ID     
    )
VALUES
    (
        SEQ_MEM_PARCEL.NEXTVAL
        , 'CJ택배'
        , 'Y'
        , '2021-12-25'
        , 492382187345
    );
 
 
 
 
 
 
 
 -- 비회원 송장관리!!!!!!!!
 -- 송장1
INSERT
    INTO TB_NON_INVOICE
    (
        INVOICE_ID
        , PAY_STATUS
        , INVOICE_REGDATE
        , PAY_ID
        , OD_ID
    )
VALUES
    (
        496685172250
        , 'Y'
        , SYSDATE
        , 1
        , 1
    );
    

 
 -- 송장2
INSERT
    INTO TB_NON_INVOICE
    (
        INVOICE_ID
        , PAY_ID
        , OD_ID
    )
VALUES
    (
        515672472250
        , 2
        , 2
    );
    
 
 
 -- 송장3
INSERT
    INTO TB_NON_INVOICE
    (
        INVOICE_ID
        , PAY_STATUS
        , PAY_ID
        , OD_ID
    )
VALUES
    (
        225085172576
        , 'Y'
        , 3
        , 3
    );
    
 
-- 송장4
INSERT
    INTO TB_NON_INVOICE
    (
        INVOICE_ID
        , INVOICE_REGDATE
        , PAY_ID
        , OD_ID
    )
VALUES
    (
        238685172250
        , SYSDATE
        , 4
        , 4
    );
     
 
 
 
 -- 송장5
INSERT
    INTO TB_NON_INVOICE
    (
        INVOICE_ID
        , PAY_STATUS
        , INVOICE_REGDATE
        , PAY_ID
        , OD_ID
    )
VALUES
    (
        570685172250
        , 'N'
        , '2022-11-11'
        , 5
        , 5
    );
    
 
 
 
 
 
 
 -- 비회원 택배!!!!!
 
 -- 택배1
 INSERT 
    INTO TB_NON_PARCEL
    (
        PARCEL_ID
        , PARCEL_NAME
        , PARCEL_STATUS
        , COL_DATE
        , INVOICE_ID
    )
VALUES
    (
        SEQ_NON_PARCEL.NEXTVAL
        , 'CJ택배'
        , 'Y'
        , SYSDATE
        , 496685172250
    );
 
 
 -- 택배2
 INSERT 
    INTO TB_NON_PARCEL
    (
        PARCEL_ID
        , INVOICE_ID
    )
VALUES
    (
        SEQ_NON_PARCEL.NEXTVAL
        , 515672472250
    );
 
 
 

 -- 택배3
 INSERT 
    INTO TB_NON_PARCEL
    (
        PARCEL_ID
        , PARCEL_STATUS
        , COL_DATE
        , INVOICE_ID
    )
VALUES
    (
        SEQ_NON_PARCEL.NEXTVAL
        , 'Y'
        , SYSDATE
        , 225085172576
    ); 
    
    

 -- 택배4
 INSERT 
    INTO TB_NON_PARCEL
    (
        PARCEL_ID
        , PARCEL_NAME
        , COL_DATE
        , INVOICE_ID
    )
VALUES
    (
        SEQ_NON_PARCEL.NEXTVAL
        , 'CJ택배'
        , SYSDATE
        , 238685172250
    );
    
    
    
    
    
    
    
 -- 택배5
 INSERT 
    INTO TB_NON_PARCEL
    (
        PARCEL_ID
        , PARCEL_NAME
        , PARCEL_STATUS
        , INVOICE_ID
    )
VALUES
    (
        SEQ_NON_PARCEL.NEXTVAL
        , 'CJ택배'
        , 'Y'
        , 570685172250
    );
      
      
      
 
 -- 택배6
 INSERT 
    INTO TB_NON_PARCEL
    (
        PARCEL_ID
        , PARCEL_NAME
        , PARCEL_STATUS
        , COL_DATE
        , INVOICE_ID
    )
VALUES
    (
        SEQ_NON_PARCEL.NEXTVAL
        , 'CJ택배'
        , 'Y'
        , '2022-07-01'
        , 57068517154
    );     
      
        
INSERT INTO TB_NON_MEMBER_ORDER(ORD_ID,
                         ORD_DATE,
                         ORD_POSTAL,
                         ORD_STREET,
                         ORD_ADDRESS,
                         ORD_REQUEST,
                         ORD_RECEIVER_NAME,
                         ORD_RECEIVER_PHONE)
VALUES (SEQ_NON_ORDER.NEXTVAL,
        '2023-02-06',
        10251,
        '경기도 고양시 일산동구 고봉로702번길',
        '87-43(설문동)',
        NULL,
        '최수현',
        '01083731234');
        
INSERT INTO TB_NON_MEMBER_ORDER(ORD_ID,
                         ORD_DATE,
                         ORD_POSTAL,
                         ORD_STREET,
                         ORD_ADDRESS,
                         ORD_REQUEST,
                         ORD_RECEIVER_NAME,
                         ORD_RECEIVER_PHONE)
VALUES (SEQ_NON_ORDER.NEXTVAL,
        '2023-02-06',
        17797,
        '경기도 평택시 청북읍 토진3길',
        '15-6',
        '빨리 보내주세요',
        '박시우',
        '01001992837');
        
INSERT INTO TB_NON_MEMBER_ORDER(ORD_ID,
                         ORD_DATE,
                         ORD_POSTAL,
                         ORD_STREET,
                         ORD_ADDRESS,
                         ORD_REQUEST,
                         ORD_RECEIVER_NAME,
                         ORD_RECEIVER_PHONE)
VALUES (SEQ_NON_ORDER.NEXTVAL,
        '2023-02-06',
        46927,
        '부산광역시 사상구 백양대로950번나길',
        '76(모라동)',
        '없음',
        '김신애',
        '01010984536');
        
INSERT INTO TB_NON_MEMBER_ORDER(ORD_ID,
                         ORD_DATE,
                         ORD_POSTAL,
                         ORD_STREET,
                         ORD_ADDRESS,
                         ORD_REQUEST,
                         ORD_RECEIVER_NAME,
                         ORD_RECEIVER_PHONE)
VALUES (SEQ_NON_ORDER.NEXTVAL,
        '2023-02-06',
        02465,
        '서울특별시 동대문구 고산자로62길',
        '8(제기동)',
        '예쁘게 포장해주세요',
        '이사라',
        '0105647980');
        
INSERT INTO TB_NON_MEMBER_ORDER(ORD_ID,
                         ORD_DATE,
                         ORD_POSTAL,
                         ORD_STREET,
                         ORD_ADDRESS,
                         ORD_REQUEST,
                         ORD_RECEIVER_NAME,
                         ORD_RECEIVER_PHONE)
VALUES (SEQ_NON_ORDER.NEXTVAL,
        '2023-02-06',
        23049,
        '인천광역시 강화군 길상면 신촌로146번길',
        '12',
        NULL,
        '장기우',
        '01056372889');
----------------------<TB_NON_MEMBER_ORDER_DETAIL>----------------------
INSERT INTO TB_NON_MEMBER_ORDER_DETAIL(OD_ID,
                                OD_COUNT,
                                OD_STATUS,
                                ORD_ID,
                                P_ID)
VALUES (SEQ_NON_MEMBER_ORDER_DETAIL.NEXTVAL,
        1,
        3,
        1,
        1);
        
INSERT INTO TB_NON_MEMBER_ORDER_DETAIL(OD_ID,
                                OD_COUNT,
                                OD_STATUS,
                                ORD_ID,
                                P_ID)
VALUES (SEQ_NON_MEMBER_ORDER_DETAIL.NEXTVAL,
        1,
        3,
        2,
        2);
        
INSERT INTO TB_NON_MEMBER_ORDER_DETAIL(OD_ID,
                                OD_COUNT,
                                OD_STATUS,
                                ORD_ID,
                                P_ID)
VALUES (SEQ_NON_MEMBER_ORDER_DETAIL.NEXTVAL,
        3,
        2,
        3,
        3);
        
INSERT INTO TB_NON_MEMBER_ORDER_DETAIL(OD_ID,
                                OD_COUNT,
                                OD_STATUS,
                                ORD_ID,
                                P_ID)
VALUES (SEQ_NON_MEMBER_ORDER_DETAIL.NEXTVAL,
        5,
        2,
        4,
        4);
        
INSERT INTO TB_NON_MEMBER_ORDER_DETAIL(OD_ID,
                                OD_COUNT,
                                OD_STATUS,
                                ORD_ID,
                                P_ID)
VALUES (SEQ_NON_MEMBER_ORDER_DETAIL.NEXTVAL,
        1,
        1,
        5,
        5);
----------------------<TB_NON_CARD>----------------------
INSERT INTO TB_NON_CARD(OD_ID,
                        RIBBON_LEFT,
                        RIBBON_RIGHT,
                        RIBBON_MESSAGE)
VALUES (1,
        NULL,
        NULL,
        '사랑해요~');
        
INSERT INTO TB_NON_CARD(OD_ID,
                        RIBBON_LEFT,
                        RIBBON_RIGHT,
                        RIBBON_MESSAGE)
VALUES (2,
        '',
        '',
        '생신축하드려요');
        
INSERT INTO TB_NON_CARD(OD_ID,
                        RIBBON_LEFT,
                        RIBBON_RIGHT,
                        RIBBON_MESSAGE)
VALUES (3,
        '',
        '',
        NULL);
        
INSERT INTO TB_NON_CARD(OD_ID,
                        RIBBON_LEFT,
                        RIBBON_RIGHT,
                        RIBBON_MESSAGE)
VALUES (4,
        NULL,
        NULL,
        '');
        
INSERT INTO TB_NON_CARD(OD_ID,
                        RIBBON_LEFT,
                        RIBBON_RIGHT,
                        RIBBON_MESSAGE)
VALUES (5,
        '최강',
        '지존',
        '파이팅');
----------------------<TB_NON_REFUND>----------------------
INSERT INTO TB_NON_REFUND(OD_ID,
                        REFUND_TYPE,
                        REFUND_TITLE,
                        REFUND_COMMENT,
                        REFUND_PHONE,
                        REFUND_EMAIL,
                        REFUND_IMG,
                        REFUND_APPROVAL_STATUS,
                        REFUND_STATUS)
VALUES (1,
        2,
        '무제',
        '잘못 구매해서 환불 부탁드립니다',
        '01083731234',
        'sooh0199@naver.com',
        NULL,
        1,
        3);
        
INSERT INTO TB_NON_REFUND(OD_ID,
                        REFUND_TYPE,
                        REFUND_TITLE,
                        REFUND_COMMENT,
                        REFUND_PHONE,
                        REFUND_EMAIL,
                        REFUND_IMG,
                        REFUND_APPROVAL_STATUS,
                        REFUND_STATUS)
VALUES (2,
        3,
        '시들었네요',
        '일주일만에 시들었네요',
        '01001992837',
        'szy_woo1@naver.com',
        'resources/img/non_refund/non_refund_02.png',
        2,
        3);
        
INSERT INTO TB_NON_REFUND(OD_ID,
                        REFUND_TYPE,
                        REFUND_TITLE,
                        REFUND_COMMENT,
                        REFUND_PHONE,
                        REFUND_EMAIL,
                        REFUND_IMG,
                        REFUND_APPROVAL_STATUS,
                        REFUND_STATUS)
VALUES (3,
        1,
        '색상이 잘못왔어요',
        '제가 고른 색상이 아니네요. 교환해주세요',
        '01010984536',
        'sinae_die@naver.com',
        'resources/img/non_refund/non_refund_03.png',
        1,
        2);
        
INSERT INTO TB_NON_REFUND(OD_ID,
                        REFUND_TYPE,
                        REFUND_TITLE,
                        REFUND_COMMENT,
                        REFUND_PHONE,
                        REFUND_EMAIL,
                        REFUND_IMG,
                        REFUND_APPROVAL_STATUS,
                        REFUND_STATUS)
VALUES (4,
        2,
        '꽃이 필요 없어졋어요',
        '환불좀 부탁할게요',
        '0105647980',
        'saraitnae@naver.com',
        NULL,
        2,
        2);
        
INSERT INTO TB_NON_REFUND(OD_ID,
                        REFUND_TYPE,
                        REFUND_TITLE,
                        REFUND_COMMENT,
                        REFUND_PHONE,
                        REFUND_EMAIL,
                        REFUND_IMG,
                        REFUND_APPROVAL_STATUS,
                        REFUND_STATUS)
VALUES (5,
        3,
        '너무 늦게 배송됐어요',
        '생일 다 지나서 배송하시면 곤란해요',
        '01056372889',
        'leon_098@naver.com',
        'resources/img/non_refund/non_refund_05.png',
        1,
        1);

----------------------<TB_NON_PAYMENT>----------------------
INSERT INTO TB_NON_PAYMENT(PAY_ID,
                           OD_ID,
                           TOTAL_PAY,
                           PAY_DATE)
VALUES (SEQ_NON_PAYMENT.NEXTVAL,
        1,
        50000,
        '2023-02-06');
        
INSERT INTO TB_NON_PAYMENT(PAY_ID,
                           OD_ID,
                           TOTAL_PAY,
                           PAY_DATE)
VALUES (SEQ_NON_PAYMENT.NEXTVAL,
        2,
        50000,
        '2023-02-06');
        
INSERT INTO TB_NON_PAYMENT(PAY_ID,
                           OD_ID,
                           TOTAL_PAY,
                           PAY_DATE)
VALUES (SEQ_NON_PAYMENT.NEXTVAL,
        3,
        50000,
        '2023-02-06');
        
INSERT INTO TB_NON_PAYMENT(PAY_ID,
                           OD_ID,
                           TOTAL_PAY,
                           PAY_DATE)
VALUES (SEQ_NON_PAYMENT.NEXTVAL,
        4,
        50000,
        '2023-02-07');
        
INSERT INTO TB_NON_PAYMENT(PAY_ID,
                           OD_ID,
                           TOTAL_PAY,
                           PAY_DATE)
VALUES (SEQ_NON_PAYMENT.NEXTVAL,
        5,
        50000,
        '2023-02-07');
            
SELECT * FROM TB_MEMBER;
SELECT * FROM TB_PRODUCT;
SELECT * FROM TB_PRODUCT_IMG;

INSERT INTO TB_PRODUCT_IMG 
VALUES(1
,'${pageContext.request.contextPath}/resources/image/flower-imgaes/bouquet/bouquet_01/01.PNG' 
,'${pageContext.request.contextPath}/resources/image/flower-imgaes/bouquet/bouquet_01/02.PNG'
,'${pageContext.request.contextPath}/resources/image/flower-imgaes/bouquet/bouquet_01/03.PNG'
,'${pageContext.request.contextPath}/resources/image/flower-imgaes/bouquet/bouquet_01/04.PNG'
,'${pageContext.request.contextPath}/resources/image/flower-imgaes/bouquet/bouquet_01/05.PNG'
,'${pageContext.request.contextPath}/resources/image/flower-imgaes/bouquet/bouquet_01/06.PNG'
,'${pageContext.request.contextPath}/resources/image/flower-imgaes/bouquet/bouquet_01/07.PNG'
,'${pageContext.request.contextPath}/resources/image/flower-imgaes/bouquet/bouquet_01/08.PNG'
,'${pageContext.request.contextPath}/resources/image/flower-imgaes/bouquet/bouquet_01/09.PNG'
,'');

INSERT INTO TB_PRODUCT_IMG 
VALUES(2
,'${pageContext.request.contextPath}/resources/image/flower-imgaes/bouquet/bouquet_02/01.PNG'
,'${pageContext.request.contextPath}/resources/image/flower-imgaes/bouquet/bouquet_02/02.PNG'
,'${pageContext.request.contextPath}/resources/image/flower-imgaes/bouquet/bouquet_02/03.PNG'
,'${pageContext.request.contextPath}/resources/image/flower-imgaes/bouquet/bouquet_02/04.PNG'
,'${pageContext.request.contextPath}/resources/image/flower-imgaes/bouquet/bouquet_02/05.PNG'
,'${pageContext.request.contextPath}/resources/image/flower-imgaes/bouquet/bouquet_02/06.PNG'
,'${pageContext.request.contextPath}/resources/image/flower-imgaes/bouquet/bouquet_02/07.PNG'
,'${pageContext.request.contextPath}/resources/image/flower-imgaes/bouquet/bouquet_02/08.PNG'
,''
,'');



COMMIT;
